building_id,number_of_timestamps,number_of_observations,start,end,expected_hours,percentage_missing,meter_coverage,weather_coverage,site_id,primary_use,floor_area
Bear_assembly_Angel,17544,14435,2016-01-01,2017-12-31 23:00:00,17544.0,17.721158230734158,0.8227884176926584,0.9998860009119928,Bear,Entertainment/public assembly,22117.0
Bear_assembly_Beatrice,17544,17505,2016-01-01,2017-12-31 23:00:00,17544.0,0.22229822161422552,0.9977770177838577,0.9998860009119928,Bear,Entertainment/public assembly,2802.0
Bear_assembly_Danial,17544,12187,2016-01-01,2017-12-31 23:00:00,17544.0,30.534655722754223,0.6946534427724578,0.9998860009119928,Bear,Entertainment/public assembly,7680.3
Bear_assembly_Diana,17544,15278,2016-01-01,2017-12-31 23:00:00,17544.0,12.91609667122663,0.8708390332877337,0.9998860009119928,Bear,Entertainment/public assembly,121.2
Bear_assembly_Genia,17544,17377,2016-01-01,2017-12-31 23:00:00,17544.0,0.9518923848609195,0.9904810761513908,0.9998860009119928,Bear,Entertainment/public assembly,24256.1
Bear_assembly_Harry,17544,11426,2016-01-01,2017-12-31 23:00:00,17544.0,34.87232102143183,0.6512767897856817,0.9998860009119928,Bear,Entertainment/public assembly,5511.6
Bear_assembly_Jose,17544,17505,2016-01-01,2017-12-31 23:00:00,17544.0,0.22229822161422552,0.9977770177838577,0.9998860009119928,Bear,Entertainment/public assembly,3361.2
Bear_assembly_Roxy,17544,17065,2016-01-01,2017-12-31 23:00:00,17544.0,2.730278157774735,0.9726972184222527,0.9998860009119928,Bear,Entertainment/public assembly,1106.5
Bear_assembly_Ruby,17544,17504,2016-01-01,2017-12-31 23:00:00,17544.0,0.22799817601458772,0.9977200182398541,0.9998860009119928,Bear,Entertainment/public assembly,11538.3
Bear_education_Alfredo,17544,17490,2016-01-01,2017-12-31 23:00:00,17544.0,0.30779753761970285,0.996922024623803,0.9998860009119928,Bear,Education,609.8
Bear_education_Alvaro,17544,17481,2016-01-01,2017-12-31 23:00:00,17544.0,0.3590971272229848,0.9964090287277702,0.9998860009119928,Bear,Education,10181.1
Bear_education_Arnold,17544,17106,2016-01-01,2017-12-31 23:00:00,17544.0,2.496580027359785,0.9750341997264022,0.9998860009119928,Bear,Education,186.7
Bear_education_Augusta,17544,17476,2016-01-01,2017-12-31 23:00:00,17544.0,0.3875968992248069,0.9961240310077519,0.9998860009119928,Bear,Education,14017.9
Bear_education_Austin,17544,17505,2016-01-01,2017-12-31 23:00:00,17544.0,0.22229822161422552,0.9977770177838577,0.9998860009119928,Bear,Education,2031.4
Bear_education_Babara,17544,17347,2016-01-01,2017-12-31 23:00:00,17544.0,1.122891016871863,0.9887710898312814,0.9998860009119928,Bear,Education,8749.1
Bear_education_Benita,17544,17139,2016-01-01,2017-12-31 23:00:00,17544.0,2.3084815321477437,0.9769151846785226,0.9998860009119928,Bear,Education,13142.2
Bear_education_Benjamin,17544,9431,2016-01-01,2017-12-31 23:00:00,17544.0,46.243730050159606,0.537562699498404,0.9998860009119928,Bear,Education,786.2
Bear_education_Bob,17544,17542,2016-01-01,2017-12-31 23:00:00,17544.0,0.01139990880072439,0.9998860009119928,0.9998860009119928,Bear,Education,28360.3
Bear_education_Bonita,17544,17336,2016-01-01,2017-12-31 23:00:00,17544.0,1.1855905152758806,0.9881440948472412,0.9998860009119928,Bear,Education,389.2
Bear_education_Bulah,17544,17503,2016-01-01,2017-12-31 23:00:00,17544.0,0.23369813041496101,0.9976630186958504,0.9998860009119928,Bear,Education,20504.0
Bear_education_Carlo,17544,11996,2016-01-01,2017-12-31 23:00:00,17544.0,31.623347013223892,0.6837665298677611,0.9998860009119928,Bear,Education,1314.6
Bear_education_Chad,17544,17519,2016-01-01,2017-12-31 23:00:00,17544.0,0.1424988600091215,0.9985750113999088,0.9998860009119928,Bear,Education,39101.5
Bear_education_Chana,17544,17505,2016-01-01,2017-12-31 23:00:00,17544.0,0.22229822161422552,0.9977770177838577,0.9998860009119928,Bear,Education,3781.7
Bear_education_Chun,17544,17471,2016-01-01,2017-12-31 23:00:00,17544.0,0.41609667122662897,0.9958390332877337,0.9998860009119928,Bear,Education,4292.5
Bear_education_Clint,17544,17497,2016-01-01,2017-12-31 23:00:00,17544.0,0.2678978568171453,0.9973210214318285,0.9998860009119928,Bear,Education,3836.6
Bear_education_Curtis,17544,17467,2016-01-01,2017-12-31 23:00:00,17544.0,0.43889648882808885,0.9956110351117191,0.9998860009119928,Bear,Education,4104.6
Bear_education_Danna,17544,17541,2016-01-01,2017-12-31 23:00:00,17544.0,0.017099863201097687,0.999829001367989,0.9998860009119928,Bear,Education,9663.4
Bear_education_Darrell,17544,17542,2016-01-01,2017-12-31 23:00:00,17544.0,0.01139990880072439,0.9998860009119928,0.9998860009119928,Bear,Education,5234.4
Bear_education_Deborah,17544,9072,2016-01-01,2017-12-31 23:00:00,17544.0,48.29001367989056,0.5170998632010944,0.9998860009119928,Bear,Education,791.2
Bear_education_Deena,17544,16969,2016-01-01,2017-12-31 23:00:00,17544.0,3.277473780209761,0.9672252621979024,0.9998860009119928,Bear,Education,1716.3
Bear_education_Derek,17544,17475,2016-01-01,2017-12-31 23:00:00,17544.0,0.3932968536251691,0.9960670314637483,0.9998860009119928,Bear,Education,6331.0
Bear_education_Destiny,17544,15965,2016-01-01,2017-12-31 23:00:00,17544.0,9.000227998176014,0.9099977200182399,0.9998860009119928,Bear,Education,5157.6
Bear_education_Elise,17544,17542,2016-01-01,2017-12-31 23:00:00,17544.0,0.01139990880072439,0.9998860009119928,0.9998860009119928,Bear,Education,20664.8
Bear_education_Fannie,17544,17112,2016-01-01,2017-12-31 23:00:00,17544.0,2.4623803009575895,0.9753761969904241,0.9998860009119928,Bear,Education,10788.0
Bear_education_Gavin,17544,17533,2016-01-01,2017-12-31 23:00:00,17544.0,0.06269949840401745,0.9993730050159598,0.9998860009119928,Bear,Education,7158.6
Bear_education_Herb,17544,17503,2016-01-01,2017-12-31 23:00:00,17544.0,0.23369813041496101,0.9976630186958504,0.9998860009119928,Bear,Education,2212.5
Bear_education_Herman,17544,17505,2016-01-01,2017-12-31 23:00:00,17544.0,0.22229822161422552,0.9977770177838577,0.9998860009119928,Bear,Education,371.6
Bear_education_Holly,17544,17387,2016-01-01,2017-12-31 23:00:00,17544.0,0.8948928408572754,0.9910510715914272,0.9998860009119928,Bear,Education,722.9
Bear_education_Irene,17544,17505,2016-01-01,2017-12-31 23:00:00,17544.0,0.22229822161422552,0.9977770177838577,0.9998860009119928,Bear,Education,2415.1
Bear_education_Iris,17544,17542,2016-01-01,2017-12-31 23:00:00,17544.0,0.01139990880072439,0.9998860009119928,0.9998860009119928,Bear,Education,5456.5
Bear_education_Katy,17544,17539,2016-01-01,2017-12-31 23:00:00,17544.0,0.028499772001822077,0.9997150022799818,0.9998860009119928,Bear,Education,13752.6
Bear_education_Lashanda,17544,17505,2016-01-01,2017-12-31 23:00:00,17544.0,0.22229822161422552,0.9977770177838577,0.9998860009119928,Bear,Education,10945.3
Bear_education_Laurette,17544,17490,2016-01-01,2017-12-31 23:00:00,17544.0,0.30779753761970285,0.996922024623803,0.9998860009119928,Bear,Education,4079.4
Bear_education_Leonel,17544,17540,2016-01-01,2017-12-31 23:00:00,17544.0,0.022799817601459882,0.9997720018239854,0.9998860009119928,Bear,Education,6988.9
Bear_education_Lewis,17544,17505,2016-01-01,2017-12-31 23:00:00,17544.0,0.22229822161422552,0.9977770177838577,0.9998860009119928,Bear,Education,4588.3
Bear_education_Lidia,17544,17505,2016-01-01,2017-12-31 23:00:00,17544.0,0.22229822161422552,0.9977770177838577,0.9998860009119928,Bear,Education,2824.3
Bear_education_Lila,17544,17542,2016-01-01,2017-12-31 23:00:00,17544.0,0.01139990880072439,0.9998860009119928,0.9998860009119928,Bear,Education,11483.9
Bear_education_Liliana,17544,15416,2016-01-01,2017-12-31 23:00:00,17544.0,12.129502963976291,0.8787049703602371,0.9998860009119928,Bear,Education,19143.0
Bear_education_Lorie,17544,17488,2016-01-01,2017-12-31 23:00:00,17544.0,0.31919744642042724,0.9968080255357957,0.9998860009119928,Bear,Education,11212.8
Bear_education_Mara,17544,17233,2016-01-01,2017-12-31 23:00:00,17544.0,1.772685818513453,0.9822731418148655,0.9998860009119928,Bear,Education,11903.3
Bear_education_Marie,17544,17542,2016-01-01,2017-12-31 23:00:00,17544.0,0.01139990880072439,0.9998860009119928,0.9998860009119928,Bear,Education,4739.9
Bear_education_Marsha,17544,17501,2016-01-01,2017-12-31 23:00:00,17544.0,0.2450980392156854,0.9975490196078431,0.9998860009119928,Bear,Education,10304.7
Bear_education_Marta,17544,17534,2016-01-01,2017-12-31 23:00:00,17544.0,0.056999544003644154,0.9994300045599636,0.9998860009119928,Bear,Education,4455.1
Bear_education_Maryjane,17544,17537,2016-01-01,2017-12-31 23:00:00,17544.0,0.03989968080255757,0.9996010031919744,0.9998860009119928,Bear,Education,7998.1
Bear_education_Merrill,17544,14317,2016-01-01,2017-12-31 23:00:00,17544.0,18.393752849977197,0.816062471500228,0.9998860009119928,Bear,Education,3235.3
Bear_education_Millie,17544,17159,2016-01-01,2017-12-31 23:00:00,17544.0,2.1944824441404442,0.9780551755585956,0.9998860009119928,Bear,Education,661.7
Bear_education_Nanette,17544,15905,2016-01-01,2017-12-31 23:00:00,17544.0,9.3422252621979,0.906577747378021,0.9998860009119928,Bear,Education,6150.5
Bear_education_Oscar,17544,17502,2016-01-01,2017-12-31 23:00:00,17544.0,0.2393980848153232,0.9976060191518468,0.9998860009119928,Bear,Education,2186.3
Bear_education_Owen,17544,17537,2016-01-01,2017-12-31 23:00:00,17544.0,0.03989968080255757,0.9996010031919744,0.9998860009119928,Bear,Education,17949.0
Bear_education_Paola,17544,17542,2016-01-01,2017-12-31 23:00:00,17544.0,0.01139990880072439,0.9998860009119928,0.9998860009119928,Bear,Education,12802.6
Bear_education_Patricia,17544,17503,2016-01-01,2017-12-31 23:00:00,17544.0,0.23369813041496101,0.9976630186958504,0.9998860009119928,Bear,Education,16996.0
Bear_education_Pattie,17544,17501,2016-01-01,2017-12-31 23:00:00,17544.0,0.2450980392156854,0.9975490196078431,0.9998860009119928,Bear,Education,8032.9
Bear_education_Rebecca,17544,17491,2016-01-01,2017-12-31 23:00:00,17544.0,0.30209758321932956,0.9969790241678067,0.9998860009119928,Bear,Education,14279.2
Bear_education_Sandy,17544,17406,2016-01-01,2017-12-31 23:00:00,17544.0,0.7865937072503382,0.9921340629274966,0.9998860009119928,Bear,Education,1351.0
Bear_education_Santos,17544,17505,2016-01-01,2017-12-31 23:00:00,17544.0,0.22229822161422552,0.9977770177838577,0.9998860009119928,Bear,Education,1349.3
Bear_education_Sharon,17544,17538,2016-01-01,2017-12-31 23:00:00,17544.0,0.03419972640218427,0.9996580027359782,0.9998860009119928,Bear,Education,5261.7
Bear_education_Shelley,17544,17542,2016-01-01,2017-12-31 23:00:00,17544.0,0.01139990880072439,0.9998860009119928,0.9998860009119928,Bear,Education,22378.8
Bear_education_Tara,17544,17502,2016-01-01,2017-12-31 23:00:00,17544.0,0.2393980848153232,0.9976060191518468,0.9998860009119928,Bear,Education,733.9
Bear_education_Thuy,17544,17542,2016-01-01,2017-12-31 23:00:00,17544.0,0.01139990880072439,0.9998860009119928,0.9998860009119928,Bear,Education,25122.2
Bear_education_Val,17544,17536,2016-01-01,2017-12-31 23:00:00,17544.0,0.045599635202919764,0.9995440036479708,0.9998860009119928,Bear,Education,16469.9
Bear_education_Wade,17544,17526,2016-01-01,2017-12-31 23:00:00,17544.0,0.10259917920656392,0.9989740082079344,0.9998860009119928,Bear,Education,10552.8
Bear_education_Wilton,17544,17527,2016-01-01,2017-12-31 23:00:00,17544.0,0.09689922480620172,0.999031007751938,0.9998860009119928,Bear,Education,28273.4
Bear_education_Wm,17544,17539,2016-01-01,2017-12-31 23:00:00,17544.0,0.028499772001822077,0.9997150022799818,0.9998860009119928,Bear,Education,8679.0
Bear_education_Yuri,17544,17505,2016-01-01,2017-12-31 23:00:00,17544.0,0.22229822161422552,0.9977770177838577,0.9998860009119928,Bear,Education,3793.7
Bear_education_Yvette,17544,17499,2016-01-01,2017-12-31 23:00:00,17544.0,0.2564979480164209,0.9974350205198358,0.9998860009119928,Bear,Education,1423.8
Bear_education_Zandra,17544,17434,2016-01-01,2017-12-31 23:00:00,17544.0,0.6269949840401301,0.9937300501595987,0.9998860009119928,Bear,Education,14372.7
Bear_lodging_Dannie,17544,17501,2016-01-01,2017-12-31 23:00:00,17544.0,0.2450980392156854,0.9975490196078431,0.9998860009119928,Bear,Lodging/residential,2137.9
Bear_lodging_Erick,17544,17505,2016-01-01,2017-12-31 23:00:00,17544.0,0.22229822161422552,0.9977770177838577,0.9998860009119928,Bear,Lodging/residential,6688.5
Bear_lodging_Esperanza,17544,12030,2016-01-01,2017-12-31 23:00:00,17544.0,31.429548563611487,0.6857045143638851,0.9998860009119928,Bear,Lodging/residential,8078.8
Bear_lodging_Evan,17544,17505,2016-01-01,2017-12-31 23:00:00,17544.0,0.22229822161422552,0.9977770177838577,0.9998860009119928,Bear,Lodging/residential,17205.6
Bear_parking_Bridget,17544,11746,2016-01-01,2017-12-31 23:00:00,17544.0,33.048335613315096,0.6695166438668491,0.9998860009119928,Bear,Parking,36.0
Bear_parking_Bruce,17544,17412,2016-01-01,2017-12-31 23:00:00,17544.0,0.7523939808481539,0.9924760601915185,0.9998860009119928,Bear,Parking,28441.3
Bear_parking_Gordon,17544,17499,2016-01-01,2017-12-31 23:00:00,17544.0,0.2564979480164209,0.9974350205198358,0.9998860009119928,Bear,Parking,9154.6
Bear_public_Arlean,17544,15376,2016-01-01,2017-12-31 23:00:00,17544.0,12.357501139990879,0.8764249886000912,0.9998860009119928,Bear,Public services,12131.4
Bear_public_Jocelyn,17544,17542,2016-01-01,2017-12-31 23:00:00,17544.0,0.01139990880072439,0.9998860009119928,0.9998860009119928,Bear,Public services,6382.5
Bear_public_Lowell,17544,17541,2016-01-01,2017-12-31 23:00:00,17544.0,0.017099863201097687,0.999829001367989,0.9998860009119928,Bear,Public services,12299.8
Bear_public_Orville,17544,17542,2016-01-01,2017-12-31 23:00:00,17544.0,0.01139990880072439,0.9998860009119928,0.9998860009119928,Bear,Public services,2700.0
Bear_public_Rayna,17544,17542,2016-01-01,2017-12-31 23:00:00,17544.0,0.01139990880072439,0.9998860009119928,0.9998860009119928,Bear,Public services,15469.7
Bear_public_Valorie,17544,17542,2016-01-01,2017-12-31 23:00:00,17544.0,0.01139990880072439,0.9998860009119928,0.9998860009119928,Bear,Public services,17598.2
Bear_science_Alison,17544,17510,2016-01-01,2017-12-31 23:00:00,17544.0,0.19379844961240345,0.998062015503876,0.9998860009119928,Bear,Technology/science,4945.6
Bear_science_Eleanor,17544,17482,2016-01-01,2017-12-31 23:00:00,17544.0,0.3533971728226226,0.9964660282717738,0.9998860009119928,Bear,Technology/science,3081.3
Bear_utility_Sidney,17544,17471,2016-01-01,2017-12-31 23:00:00,17544.0,0.41609667122662897,0.9958390332877337,0.9998860009119928,Bear,Utility,2176.9
Bobcat_assembly_Adam,17544,15240,2016-01-01,2017-12-31 23:00:00,17544.0,13.132694938440492,0.8686730506155951,0.9989170086639307,Bobcat,Entertainment/public assembly,2053.2
Bobcat_assembly_Billy,17544,15151,2016-01-01,2017-12-31 23:00:00,17544.0,13.639990880072961,0.8636000911992704,0.9989170086639307,Bobcat,Entertainment/public assembly,19859.1
Bobcat_assembly_Camilla,17544,15249,2016-01-01,2017-12-31 23:00:00,17544.0,13.08139534883721,0.8691860465116279,0.9989170086639307,Bobcat,Entertainment/public assembly,3696.4
Bobcat_assembly_Franklin,17544,16218,2016-01-01,2017-12-31 23:00:00,17544.0,7.558139534883724,0.9244186046511628,0.9989170086639307,Bobcat,Entertainment/public assembly,15047.4
Bobcat_education_Alissa,17544,16504,2016-01-01,2017-12-31 23:00:00,17544.0,5.927952576379392,0.9407204742362061,0.9989170086639307,Bobcat,Education,11254.8
Bobcat_education_Angela,17544,16481,2016-01-01,2017-12-31 23:00:00,17544.0,6.059051527587778,0.9394094847241222,0.9989170086639307,Bobcat,Education,8802.7
Bobcat_education_Barbra,17544,110,2016-01-01,2017-12-31 23:00:00,17544.0,99.37300501595988,0.00626994984040119,0.9989170086639307,Bobcat,Education,2538.0
Bobcat_education_Coleman,17544,16158,2016-01-01,2017-12-31 23:00:00,17544.0,7.90013679890561,0.9209986320109439,0.9989170086639307,Bobcat,Education,10551.9
Bobcat_education_Dylan,17544,14998,2016-01-01,2017-12-31 23:00:00,17544.0,14.512083903328776,0.8548791609667122,0.9989170086639307,Bobcat,Education,17358.0
Bobcat_education_Emile,17544,3035,2016-01-01,2017-12-31 23:00:00,17544.0,82.70063839489285,0.17299361605107155,0.9989170086639307,Bobcat,Education,5003.3
Bobcat_education_Hollis,17544,15254,2016-01-01,2017-12-31 23:00:00,17544.0,13.052895576835388,0.8694710442316461,0.9989170086639307,Bobcat,Education,8173.2
Bobcat_education_Jayne,17544,15425,2016-01-01,2017-12-31 23:00:00,17544.0,12.07820337437301,0.8792179662562699,0.9989170086639307,Bobcat,Education,6259.5
Bobcat_education_Karin,17544,7868,2016-01-01,2017-12-31 23:00:00,17544.0,55.152758777929776,0.4484724122207022,0.9989170086639307,Bobcat,Education,6052.1
Bobcat_education_Marisha,17544,13558,2016-01-01,2017-12-31 23:00:00,17544.0,22.720018239854078,0.7727998176014592,0.9989170086639307,Bobcat,Education,6913.8
Bobcat_education_Miki,17544,12210,2016-01-01,2017-12-31 23:00:00,17544.0,30.403556771545826,0.6959644322845417,0.9989170086639307,Bobcat,Education,16116.7
Bobcat_education_Monte,17544,12924,2016-01-01,2017-12-31 23:00:00,17544.0,26.333789329685363,0.7366621067031464,0.9989170086639307,Bobcat,Education,2147.2
Bobcat_education_Rodrick,17544,3913,2016-01-01,2017-12-31 23:00:00,17544.0,77.69607843137256,0.2230392156862745,0.9989170086639307,Bobcat,Education,11088.0
Bobcat_education_Rosalva,17544,14384,2016-01-01,2017-12-31 23:00:00,17544.0,18.011855905152764,0.8198814409484724,0.9989170086639307,Bobcat,Education,7836.0
Bobcat_education_Seth,17544,659,2016-01-01,2017-12-31 23:00:00,17544.0,96.2437300501596,0.03756269949840396,0.9989170086639307,Bobcat,Education,17179.3
Bobcat_education_Toni,17544,15456,2016-01-01,2017-12-31 23:00:00,17544.0,11.901504787961692,0.8809849521203831,0.9989170086639307,Bobcat,Education,2033.8
Bobcat_education_Whitney,17544,15118,2016-01-01,2017-12-31 23:00:00,17544.0,13.828089375285002,0.86171910624715,0.9989170086639307,Bobcat,Education,6957.1
Bobcat_lodging_Darin,17544,16488,2016-01-01,2017-12-31 23:00:00,17544.0,6.019151846785231,0.9398084815321477,0.9989170086639307,Bobcat,Lodging/residential,8220.1
Bobcat_lodging_Melaine,17544,16501,2016-01-01,2017-12-31 23:00:00,17544.0,5.945052439580478,0.9405494756041952,0.9989170086639307,Bobcat,Lodging/residential,3294.8
Bobcat_lodging_Nickolas,17544,16500,2016-01-01,2017-12-31 23:00:00,17544.0,5.950752393980851,0.9404924760601915,0.9989170086639307,Bobcat,Lodging/residential,4834.1
Bobcat_office_Alma,17544,16324,2016-01-01,2017-12-31 23:00:00,17544.0,6.953944368445053,0.9304605563155495,0.9989170086639307,Bobcat,Office,1060.9
Bobcat_office_Justine,17544,13834,2016-01-01,2017-12-31 23:00:00,17544.0,21.1468308253534,0.788531691746466,0.9989170086639307,Bobcat,Office,2445.7
Bobcat_office_Kassandra,17544,14597,2016-01-01,2017-12-31 23:00:00,17544.0,16.79776561787506,0.8320223438212494,0.9989170086639307,Bobcat,Office,4003.6
Bobcat_office_Melody,17544,13932,2016-01-01,2017-12-31 23:00:00,17544.0,20.588235294117652,0.7941176470588235,0.9989170086639307,Bobcat,Office,2503.6
Bobcat_office_Nikita,17544,16347,2016-01-01,2017-12-31 23:00:00,17544.0,6.8228454172366675,0.9317715458276333,0.9989170086639307,Bobcat,Office,3895.7
Bobcat_other_Howard,17544,16198,2016-01-01,2017-12-31 23:00:00,17544.0,7.672138622891012,0.9232786137710899,0.9989170086639307,Bobcat,Other,428.0
Bobcat_other_Jovita,17544,16060,2016-01-01,2017-12-31 23:00:00,17544.0,8.45873233014136,0.9154126766985864,0.9989170086639307,Bobcat,Other,416.4
Bobcat_other_Timothy,17544,16474,2016-01-01,2017-12-31 23:00:00,17544.0,6.098951208390336,0.9390104879160966,0.9989170086639307,Bobcat,Other,938.6
Bobcat_public_Angie,17544,2981,2016-01-01,2017-12-31 23:00:00,17544.0,83.00843593251254,0.16991564067487464,0.9989170086639307,Bobcat,Public services,14777.3
Bobcat_science_Tammy,17544,6707,2016-01-01,2017-12-31 23:00:00,17544.0,61.770405836753305,0.38229594163246694,0.9989170086639307,Bobcat,Technology/science,10150.9
Bobcat_warehouse_Charlie,17544,562,2016-01-01,2017-12-31 23:00:00,17544.0,96.79662562699498,0.03203374373005019,0.9989170086639307,Bobcat,Warehouse/storage,2213.2
Bull_assembly_Amalia,17544,17219,2016-01-01,2017-12-31 23:00:00,17544.0,1.8524851801185571,0.9814751481988144,0.9991450068399452,Bull,Entertainment/public assembly,52377.0
Bull_assembly_Beau,17544,17244,2016-01-01,2017-12-31 23:00:00,17544.0,1.7099863201094356,0.9829001367989056,0.9991450068399452,Bull,Entertainment/public assembly,46789.1
Bull_assembly_Brandon,17544,17233,2016-01-01,2017-12-31 23:00:00,17544.0,1.772685818513453,0.9822731418148655,0.9991450068399452,Bull,Entertainment/public assembly,4140.1
Bull_assembly_Daryl,17544,16677,2016-01-01,2017-12-31 23:00:00,17544.0,4.941860465116276,0.9505813953488372,0.9991450068399452,Bull,Entertainment/public assembly,1491.3
Bull_assembly_Dorethea,17544,17210,2016-01-01,2017-12-31 23:00:00,17544.0,1.903784769721839,0.9809621523027816,0.9991450068399452,Bull,Entertainment/public assembly,3234.8
Bull_assembly_Freddie,17544,17215,2016-01-01,2017-12-31 23:00:00,17544.0,1.875284997720017,0.9812471500227998,0.9991450068399452,Bull,Entertainment/public assembly,21815.4
Bull_assembly_Gerri,17544,17217,2016-01-01,2017-12-31 23:00:00,17544.0,1.8638850889192926,0.9813611491108071,0.9991450068399452,Bull,Entertainment/public assembly,11079.8
Bull_assembly_Gigi,17544,17091,2016-01-01,2017-12-31 23:00:00,17544.0,2.582079343365251,0.9741792065663475,0.9991450068399452,Bull,Entertainment/public assembly,39620.5
Bull_assembly_Goldie,17544,17217,2016-01-01,2017-12-31 23:00:00,17544.0,1.8638850889192926,0.9813611491108071,0.9991450068399452,Bull,Entertainment/public assembly,4864.1
Bull_assembly_Katia,17544,16288,2016-01-01,2017-12-31 23:00:00,17544.0,7.159142726858181,0.9284085727314182,0.9991450068399452,Bull,Entertainment/public assembly,6142.8
Bull_assembly_Lance,17544,17231,2016-01-01,2017-12-31 23:00:00,17544.0,1.7840857273141775,0.9821591427268582,0.9991450068399452,Bull,Entertainment/public assembly,24355.6
Bull_assembly_Lesa,17544,17205,2016-01-01,2017-12-31 23:00:00,17544.0,1.9322845417236612,0.9806771545827634,0.9991450068399452,Bull,Entertainment/public assembly,1892.6
Bull_assembly_Maren,17544,16210,2016-01-01,2017-12-31 23:00:00,17544.0,7.603739170086643,0.9239626082991336,0.9991450068399452,Bull,Entertainment/public assembly,11345.5
Bull_assembly_Nathanial,17544,16985,2016-01-01,2017-12-31 23:00:00,17544.0,3.1862745098039214,0.9681372549019608,0.9991450068399452,Bull,Entertainment/public assembly,23436.5
Bull_assembly_Newton,17544,15735,2016-01-01,2017-12-31 23:00:00,17544.0,10.311217510259919,0.8968878248974008,0.9991450068399452,Bull,Entertainment/public assembly,527.9
Bull_assembly_Nick,17544,17092,2016-01-01,2017-12-31 23:00:00,17544.0,2.576379388964889,0.9742362061103511,0.9991450068399452,Bull,Entertainment/public assembly,32032.8
Bull_assembly_Vanessa,17544,17242,2016-01-01,2017-12-31 23:00:00,17544.0,1.7213862289101711,0.9827861377108983,0.9991450068399452,Bull,Entertainment/public assembly,12776.2
Bull_education_Annette,17544,13852,2016-01-01,2017-12-31 23:00:00,17544.0,21.044231646146827,0.7895576835385317,0.9991450068399452,Bull,Education,6484.5
Bull_education_Antonia,17544,17176,2016-01-01,2017-12-31 23:00:00,17544.0,2.0975832193342425,0.9790241678066576,0.9991450068399452,Bull,Education,37099.0
Bull_education_Arthur,17544,17219,2016-01-01,2017-12-31 23:00:00,17544.0,1.8524851801185571,0.9814751481988144,0.9991450068399452,Bull,Education,22083.2
Bull_education_Barry,17544,17185,2016-01-01,2017-12-31 23:00:00,17544.0,2.0462836297309606,0.9795371637026904,0.9991450068399452,Bull,Education,18440.1
Bull_education_Bernice,17544,16370,2016-01-01,2017-12-31 23:00:00,17544.0,6.69174646602827,0.9330825353397173,0.9991450068399452,Bull,Education,14481.9
Bull_education_Brady,17544,17243,2016-01-01,2017-12-31 23:00:00,17544.0,1.715686274509809,0.9828431372549019,0.9991450068399452,Bull,Education,3636.5
Bull_education_Brain,17544,17221,2016-01-01,2017-12-31 23:00:00,17544.0,1.8410852713178327,0.9815891472868217,0.9991450068399452,Bull,Education,21365.2
Bull_education_Brandi,17544,17241,2016-01-01,2017-12-31 23:00:00,17544.0,1.7270861833105333,0.9827291381668947,0.9991450068399452,Bull,Education,2901.6
Bull_education_Brenda,17544,17221,2016-01-01,2017-12-31 23:00:00,17544.0,1.8410852713178327,0.9815891472868217,0.9991450068399452,Bull,Education,14652.9
Bull_education_Bryon,17544,17238,2016-01-01,2017-12-31 23:00:00,17544.0,1.744186046511631,0.9825581395348837,0.9991450068399452,Bull,Education,4723.7
Bull_education_Carl,17544,17218,2016-01-01,2017-12-31 23:00:00,17544.0,1.8581851345189193,0.9814181486548108,0.9991450068399452,Bull,Education,25622.0
Bull_education_Clarice,17544,17242,2016-01-01,2017-12-31 23:00:00,17544.0,1.7213862289101711,0.9827861377108983,0.9991450068399452,Bull,Education,5132.0
Bull_education_Clarita,17544,16671,2016-01-01,2017-12-31 23:00:00,17544.0,4.976060191518473,0.9502393980848153,0.9991450068399452,Bull,Education,18546.0
Bull_education_Dakota,17544,17246,2016-01-01,2017-12-31 23:00:00,17544.0,1.6985864113087112,0.9830141358869129,0.9991450068399452,Bull,Education,3585.9
Bull_education_Dan,17544,17213,2016-01-01,2017-12-31 23:00:00,17544.0,1.8866849065207525,0.9811331509347925,0.9991450068399452,Bull,Education,11941.4
Bull_education_Dania,17544,17242,2016-01-01,2017-12-31 23:00:00,17544.0,1.7213862289101711,0.9827861377108983,0.9991450068399452,Bull,Education,5215.3
Bull_education_Delia,17544,12111,2016-01-01,2017-12-31 23:00:00,17544.0,30.96785225718194,0.6903214774281806,0.9991450068399452,Bull,Education,28356.2
Bull_education_Dora,17544,17181,2016-01-01,2017-12-31 23:00:00,17544.0,2.0690834473324204,0.9793091655266758,0.9991450068399452,Bull,Education,15672.4
Bull_education_Dottie,17544,16916,2016-01-01,2017-12-31 23:00:00,17544.0,3.5795713634290904,0.9642042863657091,0.9991450068399452,Bull,Education,39822.6
Bull_education_Elva,17544,17245,2016-01-01,2017-12-31 23:00:00,17544.0,1.7042863657090734,0.9829571363429093,0.9991450068399452,Bull,Education,5631.9
Bull_education_Fabiola,17544,17219,2016-01-01,2017-12-31 23:00:00,17544.0,1.8524851801185571,0.9814751481988144,0.9991450068399452,Bull,Education,10370.1
Bull_education_Geneva,17544,17105,2016-01-01,2017-12-31 23:00:00,17544.0,2.502279981760147,0.9749772001823985,0.9991450068399452,Bull,Education,2321.8
Bull_education_Genie,17544,17220,2016-01-01,2017-12-31 23:00:00,17544.0,1.846785225718195,0.981532147742818,0.9991450068399452,Bull,Education,13675.8
Bull_education_Gregory,17544,17214,2016-01-01,2017-12-31 23:00:00,17544.0,1.8809849521203792,0.9811901504787962,0.9991450068399452,Bull,Education,17333.1
Bull_education_Hayley,17544,17218,2016-01-01,2017-12-31 23:00:00,17544.0,1.8581851345189193,0.9814181486548108,0.9991450068399452,Bull,Education,17997.4
Bull_education_Jae,17544,17216,2016-01-01,2017-12-31 23:00:00,17544.0,1.8695850433196548,0.9813041495668035,0.9991450068399452,Bull,Education,16463.9
Bull_education_Jeffery,17544,16127,2016-01-01,2017-12-31 23:00:00,17544.0,8.076835385316915,0.9192316461468308,0.9991450068399452,Bull,Education,2783.5
Bull_education_Joseph,17544,17173,2016-01-01,2017-12-31 23:00:00,17544.0,2.11468308253534,0.9788531691746466,0.9991450068399452,Bull,Education,15519.9
Bull_education_Juan,17544,17210,2016-01-01,2017-12-31 23:00:00,17544.0,1.903784769721839,0.9809621523027816,0.9991450068399452,Bull,Education,26212.8
Bull_education_Kendra,17544,17202,2016-01-01,2017-12-31 23:00:00,17544.0,1.9493844049247588,0.9805061559507524,0.9991450068399452,Bull,Education,16640.3
Bull_education_Krista,17544,17220,2016-01-01,2017-12-31 23:00:00,17544.0,1.846785225718195,0.981532147742818,0.9991450068399452,Bull,Education,22263.1
Bull_education_Kristal,17544,17218,2016-01-01,2017-12-31 23:00:00,17544.0,1.8581851345189193,0.9814181486548108,0.9991450068399452,Bull,Education,18853.5
Bull_education_Lenny,17544,17209,2016-01-01,2017-12-31 23:00:00,17544.0,1.9094847241222124,0.9809051527587779,0.9991450068399452,Bull,Education,4294.9
Bull_education_Linnie,17544,17219,2016-01-01,2017-12-31 23:00:00,17544.0,1.8524851801185571,0.9814751481988144,0.9991450068399452,Bull,Education,14307.0
Bull_education_Luke,17544,17219,2016-01-01,2017-12-31 23:00:00,17544.0,1.8524851801185571,0.9814751481988144,0.9991450068399452,Bull,Education,15458.6
Bull_education_Lydia,17544,16710,2016-01-01,2017-12-31 23:00:00,17544.0,4.753761969904236,0.9524623803009576,0.9991450068399452,Bull,Education,11712.9
Bull_education_Lyn,17544,17192,2016-01-01,2017-12-31 23:00:00,17544.0,2.006383948928414,0.9799361605107159,0.9991450068399452,Bull,Education,2418.5
Bull_education_Magaret,17544,17212,2016-01-01,2017-12-31 23:00:00,17544.0,1.8923848609211147,0.9810761513907889,0.9991450068399452,Bull,Education,7954.6
Bull_education_Mario,17544,17246,2016-01-01,2017-12-31 23:00:00,17544.0,1.6985864113087112,0.9830141358869129,0.9991450068399452,Bull,Education,8477.8
Bull_education_Matilda,17544,16005,2016-01-01,2017-12-31 23:00:00,17544.0,8.772229822161426,0.9122777017783857,0.9991450068399452,Bull,Education,10069.9
Bull_education_Mervin,17544,17218,2016-01-01,2017-12-31 23:00:00,17544.0,1.8581851345189193,0.9814181486548108,0.9991450068399452,Bull,Education,20255.1
Bull_education_Miquel,17544,17221,2016-01-01,2017-12-31 23:00:00,17544.0,1.8410852713178327,0.9815891472868217,0.9991450068399452,Bull,Education,22820.4
Bull_education_Miranda,17544,17213,2016-01-01,2017-12-31 23:00:00,17544.0,1.8866849065207525,0.9811331509347925,0.9991450068399452,Bull,Education,10008.4
Bull_education_Myra,17544,17239,2016-01-01,2017-12-31 23:00:00,17544.0,1.7384860921112577,0.9826151390788874,0.9991450068399452,Bull,Education,5527.5
Bull_education_Nichole,17544,17220,2016-01-01,2017-12-31 23:00:00,17544.0,1.846785225718195,0.981532147742818,0.9991450068399452,Bull,Education,19058.2
Bull_education_Nina,17544,17219,2016-01-01,2017-12-31 23:00:00,17544.0,1.8524851801185571,0.9814751481988144,0.9991450068399452,Bull,Education,12131.0
Bull_education_Nolan,17544,17246,2016-01-01,2017-12-31 23:00:00,17544.0,1.6985864113087112,0.9830141358869129,0.9991450068399452,Bull,Education,8512.6
Bull_education_Olive,17544,17211,2016-01-01,2017-12-31 23:00:00,17544.0,1.8980848153214769,0.9810191518467852,0.9991450068399452,Bull,Education,5370.8
Bull_education_Pablo,17544,17214,2016-01-01,2017-12-31 23:00:00,17544.0,1.8809849521203792,0.9811901504787962,0.9991450068399452,Bull,Education,4810.3
Bull_education_Pamela,17544,17243,2016-01-01,2017-12-31 23:00:00,17544.0,1.715686274509809,0.9828431372549019,0.9991450068399452,Bull,Education,20904.5
Bull_education_Patrina,17544,17213,2016-01-01,2017-12-31 23:00:00,17544.0,1.8866849065207525,0.9811331509347925,0.9991450068399452,Bull,Education,5054.4
Bull_education_Racheal,17544,17218,2016-01-01,2017-12-31 23:00:00,17544.0,1.8581851345189193,0.9814181486548108,0.9991450068399452,Bull,Education,36560.1
Bull_education_Reina,17544,17215,2016-01-01,2017-12-31 23:00:00,17544.0,1.875284997720017,0.9812471500227998,0.9991450068399452,Bull,Education,9434.8
Bull_education_Reynaldo,17544,17243,2016-01-01,2017-12-31 23:00:00,17544.0,1.715686274509809,0.9828431372549019,0.9991450068399452,Bull,Education,4384.2
Bull_education_Roland,17544,17200,2016-01-01,2017-12-31 23:00:00,17544.0,1.9607843137254943,0.9803921568627451,0.9991450068399452,Bull,Education,20071.7
Bull_education_Roseann,17544,17123,2016-01-01,2017-12-31 23:00:00,17544.0,2.399680802553583,0.9760031919744642,0.9991450068399452,Bull,Education,10241.2
Bull_education_Sebastian,17544,17216,2016-01-01,2017-12-31 23:00:00,17544.0,1.8695850433196548,0.9813041495668035,0.9991450068399452,Bull,Education,5117.7
Bull_education_Shona,17544,17127,2016-01-01,2017-12-31 23:00:00,17544.0,2.3768809849521233,0.9762311901504788,0.9991450068399452,Bull,Education,1352.8
Bull_education_Stewart,17544,17245,2016-01-01,2017-12-31 23:00:00,17544.0,1.7042863657090734,0.9829571363429093,0.9991450068399452,Bull,Education,7212.2
Bull_education_Summer,17544,17088,2016-01-01,2017-12-31 23:00:00,17544.0,2.599179206566349,0.9740082079343365,0.9991450068399452,Bull,Education,3509.4
Bull_education_Tracey,17544,17241,2016-01-01,2017-12-31 23:00:00,17544.0,1.7270861833105333,0.9827291381668947,0.9991450068399452,Bull,Education,24014.6
Bull_education_Venita,17544,17216,2016-01-01,2017-12-31 23:00:00,17544.0,1.8695850433196548,0.9813041495668035,0.9991450068399452,Bull,Education,4882.9
Bull_education_Violeta,17544,17164,2016-01-01,2017-12-31 23:00:00,17544.0,2.165982672138622,0.9783401732786138,0.9991450068399452,Bull,Education,10330.3
Bull_lodging_Abby,17544,17213,2016-01-01,2017-12-31 23:00:00,17544.0,1.8866849065207525,0.9811331509347925,0.9991450068399452,Bull,Lodging/residential,1054.4
Bull_lodging_Allen,17544,17244,2016-01-01,2017-12-31 23:00:00,17544.0,1.7099863201094356,0.9829001367989056,0.9991450068399452,Bull,Lodging/residential,748.0
Bull_lodging_Anibal,17544,15631,2016-01-01,2017-12-31 23:00:00,17544.0,10.904012767897854,0.8909598723210215,0.9991450068399452,Bull,Lodging/residential,4160.6
Bull_lodging_Caren,17544,17236,2016-01-01,2017-12-31 23:00:00,17544.0,1.7555859553123554,0.9824441404468764,0.9991450068399452,Bull,Lodging/residential,16509.6
Bull_lodging_Carie,17544,17215,2016-01-01,2017-12-31 23:00:00,17544.0,1.875284997720017,0.9812471500227998,0.9991450068399452,Bull,Lodging/residential,3683.5
Bull_lodging_Charlotte,17544,17242,2016-01-01,2017-12-31 23:00:00,17544.0,1.7213862289101711,0.9827861377108983,0.9991450068399452,Bull,Lodging/residential,750.6
Bull_lodging_Danielle,17544,15931,2016-01-01,2017-12-31 23:00:00,17544.0,9.194026447788417,0.9080597355221158,0.9991450068399452,Bull,Lodging/residential,4188.6
Bull_lodging_Dave,17544,17218,2016-01-01,2017-12-31 23:00:00,17544.0,1.8581851345189193,0.9814181486548108,0.9991450068399452,Bull,Lodging/residential,21733.4
Bull_lodging_Elena,17544,17211,2016-01-01,2017-12-31 23:00:00,17544.0,1.8980848153214769,0.9810191518467852,0.9991450068399452,Bull,Lodging/residential,1043.0
Bull_lodging_Graciela,17544,17079,2016-01-01,2017-12-31 23:00:00,17544.0,2.650478796169631,0.9734952120383037,0.9991450068399452,Bull,Lodging/residential,961.2
Bull_lodging_Hugo,17544,17229,2016-01-01,2017-12-31 23:00:00,17544.0,1.795485636114913,0.9820451436388509,0.9991450068399452,Bull,Lodging/residential,8062.7
Bull_lodging_Jeremiah,17544,17213,2016-01-01,2017-12-31 23:00:00,17544.0,1.8866849065207525,0.9811331509347925,0.9991450068399452,Bull,Lodging/residential,5326.5
Bull_lodging_Leonard,17544,17215,2016-01-01,2017-12-31 23:00:00,17544.0,1.875284997720017,0.9812471500227998,0.9991450068399452,Bull,Lodging/residential,3831.4
Bull_lodging_Lettie,17544,17213,2016-01-01,2017-12-31 23:00:00,17544.0,1.8866849065207525,0.9811331509347925,0.9991450068399452,Bull,Lodging/residential,3683.4
Bull_lodging_Melissa,17544,17218,2016-01-01,2017-12-31 23:00:00,17544.0,1.8581851345189193,0.9814181486548108,0.9991450068399452,Bull,Lodging/residential,27992.3
Bull_lodging_Perry,17544,17244,2016-01-01,2017-12-31 23:00:00,17544.0,1.7099863201094356,0.9829001367989056,0.9991450068399452,Bull,Lodging/residential,6480.4
Bull_lodging_Terence,17544,16050,2016-01-01,2017-12-31 23:00:00,17544.0,8.515731874145004,0.91484268125855,0.9991450068399452,Bull,Lodging/residential,3780.9
Bull_lodging_Travis,17544,17038,2016-01-01,2017-12-31 23:00:00,17544.0,2.884176926584592,0.9711582307341541,0.9991450068399452,Bull,Lodging/residential,69275.1
Bull_lodging_Xavier,17544,17244,2016-01-01,2017-12-31 23:00:00,17544.0,1.7099863201094356,0.9829001367989056,0.9991450068399452,Bull,Lodging/residential,750.6
Bull_office_Anne,17544,17204,2016-01-01,2017-12-31 23:00:00,17544.0,1.9379844961240345,0.9806201550387597,0.9991450068399452,Bull,Office,1499.0
Bull_office_Chantel,17544,17086,2016-01-01,2017-12-31 23:00:00,17544.0,2.610579115367073,0.9738942088463293,0.9991450068399452,Bull,Office,9654.9
Bull_office_Claudia,17544,17242,2016-01-01,2017-12-31 23:00:00,17544.0,1.7213862289101711,0.9827861377108983,0.9991450068399452,Bull,Office,2272.7
Bull_office_Debbie,17544,17191,2016-01-01,2017-12-31 23:00:00,17544.0,2.0120839033287763,0.9798791609667122,0.9991450068399452,Bull,Office,4782.9
Bull_office_Efren,17544,17263,2016-01-01,2017-12-31 23:00:00,17544.0,1.6016871865025095,0.9839831281349749,0.9991450068399452,Bull,Office,8005.2
Bull_office_Ella,17544,17238,2016-01-01,2017-12-31 23:00:00,17544.0,1.744186046511631,0.9825581395348837,0.9991450068399452,Bull,Office,821.0
Bull_office_Hilton,17544,17068,2016-01-01,2017-12-31 23:00:00,17544.0,2.7131782945736482,0.9728682170542635,0.9991450068399452,Bull,Office,743.6
Bull_office_Ivette,17544,17106,2016-01-01,2017-12-31 23:00:00,17544.0,2.496580027359785,0.9750341997264022,0.9991450068399452,Bull,Office,3229.1
Bull_office_Lilla,17544,17248,2016-01-01,2017-12-31 23:00:00,17544.0,1.6871865025079757,0.9831281349749202,0.9991450068399452,Bull,Office,16890.2
Bull_office_Mai,17544,9066,2016-01-01,2017-12-31 23:00:00,17544.0,48.32421340629275,0.5167578659370725,0.9991450068399452,Bull,Office,792.0
Bull_office_Marco,17544,16117,2016-01-01,2017-12-31 23:00:00,17544.0,8.13383492932056,0.9186616507067944,0.9991450068399452,Bull,Office,3165.4
Bull_office_Myron,17544,17134,2016-01-01,2017-12-31 23:00:00,17544.0,2.3369813041495657,0.9766301869585043,0.9991450068399452,Bull,Office,5583.1
Bull_office_Nicolas,17544,17092,2016-01-01,2017-12-31 23:00:00,17544.0,2.576379388964889,0.9742362061103511,0.9991450068399452,Bull,Office,1943.3
Bull_office_Rob,17544,17152,2016-01-01,2017-12-31 23:00:00,17544.0,2.234382124943002,0.97765617875057,0.9991450068399452,Bull,Office,30885.3
Bull_office_Sally,17544,17131,2016-01-01,2017-12-31 23:00:00,17544.0,2.3540811673506634,0.9764591883264934,0.9991450068399452,Bull,Office,7705.3
Bull_office_Trevor,17544,13056,2016-01-01,2017-12-31 23:00:00,17544.0,25.581395348837212,0.7441860465116279,0.9991450068399452,Bull,Office,3546.4
Bull_office_Yvonne,17544,17213,2016-01-01,2017-12-31 23:00:00,17544.0,1.8866849065207525,0.9811331509347925,0.9991450068399452,Bull,Office,18019.5
Bull_public_Hyun,17544,17216,2016-01-01,2017-12-31 23:00:00,17544.0,1.8695850433196548,0.9813041495668035,0.9991450068399452,Bull,Public services,45791.7
Bull_public_Jefferson,17544,17241,2016-01-01,2017-12-31 23:00:00,17544.0,1.7270861833105333,0.9827291381668947,0.9991450068399452,Bull,Public services,6015.4
Bull_services_Jeanmarie,17544,17084,2016-01-01,2017-12-31 23:00:00,17544.0,2.6219790241678087,0.9737802097583219,0.9991450068399452,Bull,Services,32149.6
Bull_services_Juanita,17544,17085,2016-01-01,2017-12-31 23:00:00,17544.0,2.6162790697674465,0.9738372093023255,0.9991450068399452,Bull,Services,44779.2
Bull_services_Nadine,17544,17237,2016-01-01,2017-12-31 23:00:00,17544.0,1.7498860009119932,0.9825011399908801,0.9991450068399452,Bull,Services,36198.8
Bull_services_Rachelle,17544,17219,2016-01-01,2017-12-31 23:00:00,17544.0,1.8524851801185571,0.9814751481988144,0.9991450068399452,Bull,Services,34691.5
Bull_services_Winford,17544,17220,2016-01-01,2017-12-31 23:00:00,17544.0,1.846785225718195,0.981532147742818,0.9991450068399452,Bull,Services,19904.7
Cockatoo_assembly_Britt,17544,612,2016-01-01,2017-12-31 23:00:00,17544.0,96.51162790697676,0.0348837209302324,0.9675672594619243,Cockatoo,Entertainment/public assembly,1435.4
Cockatoo_assembly_Doyle,17544,16115,2016-01-01,2017-12-31 23:00:00,17544.0,8.145234838121295,0.918547651618787,0.9675672594619243,Cockatoo,Entertainment/public assembly,18491.1
Cockatoo_assembly_Ed,17544,16086,2016-01-01,2017-12-31 23:00:00,17544.0,8.310533515731876,0.9168946648426812,0.9675672594619243,Cockatoo,Entertainment/public assembly,8833.1
Cockatoo_assembly_Emilio,17544,16117,2016-01-01,2017-12-31 23:00:00,17544.0,8.13383492932056,0.9186616507067944,0.9675672594619243,Cockatoo,Entertainment/public assembly,6381.8
Cockatoo_assembly_Evelyn,17544,16061,2016-01-01,2017-12-31 23:00:00,17544.0,8.453032375741,0.91546967624259,0.9675672594619243,Cockatoo,Entertainment/public assembly,1822.7
Cockatoo_assembly_Fernanda,17544,15511,2016-01-01,2017-12-31 23:00:00,17544.0,11.588007295941626,0.8841199270405837,0.9675672594619243,Cockatoo,Entertainment/public assembly,7074.8
Cockatoo_assembly_Genoveva,17544,16108,2016-01-01,2017-12-31 23:00:00,17544.0,8.185134518923853,0.9181486548107615,0.9675672594619243,Cockatoo,Entertainment/public assembly,1519.1
Cockatoo_assembly_Griselda,17544,16119,2016-01-01,2017-12-31 23:00:00,17544.0,8.122435020519836,0.9187756497948016,0.9675672594619243,Cockatoo,Entertainment/public assembly,2671.9
Cockatoo_assembly_Heath,17544,16118,2016-01-01,2017-12-31 23:00:00,17544.0,8.128134974920197,0.918718650250798,0.9675672594619243,Cockatoo,Entertainment/public assembly,10361.5
Cockatoo_assembly_Meredith,17544,16104,2016-01-01,2017-12-31 23:00:00,17544.0,8.207934336525312,0.9179206566347469,0.9675672594619243,Cockatoo,Entertainment/public assembly,8696.5
Cockatoo_assembly_Mimi,17544,8029,2016-01-01,2017-12-31 23:00:00,17544.0,54.23506611947104,0.4576493388052896,0.9675672594619243,Cockatoo,Entertainment/public assembly,1046.6
Cockatoo_assembly_Pierre,17544,16115,2016-01-01,2017-12-31 23:00:00,17544.0,8.145234838121295,0.918547651618787,0.9675672594619243,Cockatoo,Entertainment/public assembly,4941.9
Cockatoo_assembly_Ralph,17544,10743,2016-01-01,2017-12-31 23:00:00,17544.0,38.76538987688099,0.6123461012311902,0.9675672594619243,Cockatoo,Entertainment/public assembly,14416.4
Cockatoo_assembly_Rodger,17544,16104,2016-01-01,2017-12-31 23:00:00,17544.0,8.207934336525312,0.9179206566347469,0.9675672594619243,Cockatoo,Entertainment/public assembly,7621.3
Cockatoo_assembly_Tabitha,17544,16113,2016-01-01,2017-12-31 23:00:00,17544.0,8.15663474692202,0.9184336525307798,0.9675672594619243,Cockatoo,Entertainment/public assembly,1589.0
Cockatoo_assembly_Valencia,17544,16117,2016-01-01,2017-12-31 23:00:00,17544.0,8.13383492932056,0.9186616507067944,0.9675672594619243,Cockatoo,Entertainment/public assembly,14112.0
Cockatoo_education_Amira,17544,15911,2016-01-01,2017-12-31 23:00:00,17544.0,9.308025535795716,0.9069197446420428,0.9675672594619243,Cockatoo,Education,2641.4
Cockatoo_education_Arlen,17544,16101,2016-01-01,2017-12-31 23:00:00,17544.0,8.2250341997264,0.917749658002736,0.9675672594619243,Cockatoo,Education,3745.0
Cockatoo_education_Brendan,17544,16114,2016-01-01,2017-12-31 23:00:00,17544.0,8.150934792521658,0.9184906520747834,0.9675672594619243,Cockatoo,Education,10856.1
Cockatoo_education_Brigitte,17544,16118,2016-01-01,2017-12-31 23:00:00,17544.0,8.128134974920197,0.918718650250798,0.9675672594619243,Cockatoo,Education,25998.0
Cockatoo_education_Charity,17544,16102,2016-01-01,2017-12-31 23:00:00,17544.0,8.219334245326039,0.9178066575467396,0.9675672594619243,Cockatoo,Education,21726.6
Cockatoo_education_Christi,17544,12775,2016-01-01,2017-12-31 23:00:00,17544.0,27.18308253533972,0.7281691746466028,0.9675672594619243,Cockatoo,Education,2158.3
Cockatoo_education_Claudine,17544,16115,2016-01-01,2017-12-31 23:00:00,17544.0,8.145234838121295,0.918547651618787,0.9675672594619243,Cockatoo,Education,2609.1
Cockatoo_education_Clifton,17544,16026,2016-01-01,2017-12-31 23:00:00,17544.0,8.652530779753764,0.9134746922024624,0.9675672594619243,Cockatoo,Education,5292.6
Cockatoo_education_Collin,17544,16114,2016-01-01,2017-12-31 23:00:00,17544.0,8.150934792521658,0.9184906520747834,0.9675672594619243,Cockatoo,Education,5248.7
Cockatoo_education_Deloris,17544,16051,2016-01-01,2017-12-31 23:00:00,17544.0,8.510031919744643,0.9148996808025536,0.9675672594619243,Cockatoo,Education,3079.5
Cockatoo_education_Doreen,17544,16119,2016-01-01,2017-12-31 23:00:00,17544.0,8.122435020519836,0.9187756497948016,0.9675672594619243,Cockatoo,Education,8477.7
Cockatoo_education_Erik,17544,16090,2016-01-01,2017-12-31 23:00:00,17544.0,8.287733698130417,0.9171226630186958,0.9675672594619243,Cockatoo,Education,13051.8
Cockatoo_education_Eunice,17544,16111,2016-01-01,2017-12-31 23:00:00,17544.0,8.168034655722757,0.9183196534427724,0.9675672594619243,Cockatoo,Education,12195.5
Cockatoo_education_Evangeline,17544,13954,2016-01-01,2017-12-31 23:00:00,17544.0,20.462836297309618,0.7953716370269038,0.9675672594619243,Cockatoo,Education,9795.1
Cockatoo_education_Flora,17544,16113,2016-01-01,2017-12-31 23:00:00,17544.0,8.15663474692202,0.9184336525307798,0.9675672594619243,Cockatoo,Education,13913.3
Cockatoo_education_Gussie,17544,16112,2016-01-01,2017-12-31 23:00:00,17544.0,8.162334701322393,0.9183766529867761,0.9675672594619243,Cockatoo,Education,2800.4
Cockatoo_education_Helene,17544,16101,2016-01-01,2017-12-31 23:00:00,17544.0,8.2250341997264,0.917749658002736,0.9675672594619243,Cockatoo,Education,3130.4
Cockatoo_education_Jack,17544,16114,2016-01-01,2017-12-31 23:00:00,17544.0,8.150934792521658,0.9184906520747834,0.9675672594619243,Cockatoo,Education,2918.5
Cockatoo_education_Janet,17544,16117,2016-01-01,2017-12-31 23:00:00,17544.0,8.13383492932056,0.9186616507067944,0.9675672594619243,Cockatoo,Education,29946.4
Cockatoo_education_Joeann,17544,16043,2016-01-01,2017-12-31 23:00:00,17544.0,8.555631554947563,0.9144436844505244,0.9675672594619243,Cockatoo,Education,10360.4
Cockatoo_education_Joel,17544,16119,2016-01-01,2017-12-31 23:00:00,17544.0,8.122435020519836,0.9187756497948016,0.9675672594619243,Cockatoo,Education,887.4
Cockatoo_education_Jon,17544,16116,2016-01-01,2017-12-31 23:00:00,17544.0,8.139534883720934,0.9186046511627907,0.9675672594619243,Cockatoo,Education,10589.8
Cockatoo_education_Julia,17544,16088,2016-01-01,2017-12-31 23:00:00,17544.0,8.299133606931141,0.9170086639306886,0.9675672594619243,Cockatoo,Education,3758.9
Cockatoo_education_Julio,17544,16119,2016-01-01,2017-12-31 23:00:00,17544.0,8.122435020519836,0.9187756497948016,0.9675672594619243,Cockatoo,Education,9116.1
Cockatoo_education_June,17544,16103,2016-01-01,2017-12-31 23:00:00,17544.0,8.213634290925675,0.9178636570907432,0.9675672594619243,Cockatoo,Education,9811.7
Cockatoo_education_Latrice,17544,1568,2016-01-01,2017-12-31 23:00:00,17544.0,91.06247150022799,0.08937528499772018,0.9675672594619243,Cockatoo,Education,1940.7
Cockatoo_education_Laurence,17544,16118,2016-01-01,2017-12-31 23:00:00,17544.0,8.128134974920197,0.918718650250798,0.9675672594619243,Cockatoo,Education,4403.4
Cockatoo_education_Lionel,17544,15990,2016-01-01,2017-12-31 23:00:00,17544.0,8.857729138166892,0.9114227086183311,0.9675672594619243,Cockatoo,Education,11660.0
Cockatoo_education_Magdalena,17544,16117,2016-01-01,2017-12-31 23:00:00,17544.0,8.13383492932056,0.9186616507067944,0.9675672594619243,Cockatoo,Education,846.4
Cockatoo_education_Marva,17544,16119,2016-01-01,2017-12-31 23:00:00,17544.0,8.122435020519836,0.9187756497948016,0.9675672594619243,Cockatoo,Education,10123.7
Cockatoo_education_Maynard,17544,16114,2016-01-01,2017-12-31 23:00:00,17544.0,8.150934792521658,0.9184906520747834,0.9675672594619243,Cockatoo,Education,443.4
Cockatoo_education_Mayra,17544,14022,2016-01-01,2017-12-31 23:00:00,17544.0,20.07523939808481,0.7992476060191519,0.9675672594619243,Cockatoo,Education,11546.8
Cockatoo_education_Melanie,17544,16114,2016-01-01,2017-12-31 23:00:00,17544.0,8.150934792521658,0.9184906520747834,0.9675672594619243,Cockatoo,Education,3240.0
Cockatoo_education_Minh,17544,16075,2016-01-01,2017-12-31 23:00:00,17544.0,8.373233014135884,0.9162676698586412,0.9675672594619243,Cockatoo,Education,4697.8
Cockatoo_education_Nelda,17544,16108,2016-01-01,2017-12-31 23:00:00,17544.0,8.185134518923853,0.9181486548107615,0.9675672594619243,Cockatoo,Education,6930.5
Cockatoo_education_Oliver,17544,16119,2016-01-01,2017-12-31 23:00:00,17544.0,8.122435020519836,0.9187756497948016,0.9675672594619243,Cockatoo,Education,16780.6
Cockatoo_education_Orlando,17544,16119,2016-01-01,2017-12-31 23:00:00,17544.0,8.122435020519836,0.9187756497948016,0.9675672594619243,Cockatoo,Education,15887.2
Cockatoo_education_Rita,17544,16118,2016-01-01,2017-12-31 23:00:00,17544.0,8.128134974920197,0.918718650250798,0.9675672594619243,Cockatoo,Education,1704.0
Cockatoo_education_Shawn,17544,16119,2016-01-01,2017-12-31 23:00:00,17544.0,8.122435020519836,0.9187756497948016,0.9675672594619243,Cockatoo,Education,4453.2
Cockatoo_education_Sheryl,17544,16119,2016-01-01,2017-12-31 23:00:00,17544.0,8.122435020519836,0.9187756497948016,0.9675672594619243,Cockatoo,Education,14927.0
Cockatoo_education_Terrence,17544,16097,2016-01-01,2017-12-31 23:00:00,17544.0,8.24783401732786,0.9175216598267214,0.9675672594619243,Cockatoo,Education,18954.9
Cockatoo_education_Tyler,17544,16116,2016-01-01,2017-12-31 23:00:00,17544.0,8.139534883720934,0.9186046511627907,0.9675672594619243,Cockatoo,Education,19928.2
Cockatoo_education_Victoria,17544,16076,2016-01-01,2017-12-31 23:00:00,17544.0,8.367533059735521,0.9163246694026448,0.9675672594619243,Cockatoo,Education,399.3
Cockatoo_industrial_Nathaniel,17544,16043,2016-01-01,2017-12-31 23:00:00,17544.0,8.555631554947563,0.9144436844505244,0.9675672594619243,Cockatoo,Manufacturing/industrial,10360.4
Cockatoo_industrial_Sarita,17544,16119,2016-01-01,2017-12-31 23:00:00,17544.0,8.122435020519836,0.9187756497948016,0.9675672594619243,Cockatoo,Manufacturing/industrial,1050.0
Cockatoo_lodging_Aimee,17544,16114,2016-01-01,2017-12-31 23:00:00,17544.0,8.150934792521658,0.9184906520747834,0.9675672594619243,Cockatoo,Lodging/residential,1966.6
Cockatoo_lodging_Albert,17544,16118,2016-01-01,2017-12-31 23:00:00,17544.0,8.128134974920197,0.918718650250798,0.9675672594619243,Cockatoo,Lodging/residential,9162.5
Cockatoo_lodging_Alicia,17544,16061,2016-01-01,2017-12-31 23:00:00,17544.0,8.453032375741,0.91546967624259,0.9675672594619243,Cockatoo,Lodging/residential,3673.2
Cockatoo_lodging_Ana,17544,16118,2016-01-01,2017-12-31 23:00:00,17544.0,8.128134974920197,0.918718650250798,0.9675672594619243,Cockatoo,Lodging/residential,1885.1
Cockatoo_lodging_Carmen,17544,16119,2016-01-01,2017-12-31 23:00:00,17544.0,8.122435020519836,0.9187756497948016,0.9675672594619243,Cockatoo,Lodging/residential,3761.8
Cockatoo_lodging_Cletus,17544,16108,2016-01-01,2017-12-31 23:00:00,17544.0,8.185134518923853,0.9181486548107615,0.9675672594619243,Cockatoo,Lodging/residential,15497.5
Cockatoo_lodging_Elvia,17544,16115,2016-01-01,2017-12-31 23:00:00,17544.0,8.145234838121295,0.918547651618787,0.9675672594619243,Cockatoo,Lodging/residential,13962.8
Cockatoo_lodging_Emory,17544,16109,2016-01-01,2017-12-31 23:00:00,17544.0,8.17943456452348,0.9182056543547652,0.9675672594619243,Cockatoo,Lodging/residential,15681.2
Cockatoo_lodging_Eric,17544,16119,2016-01-01,2017-12-31 23:00:00,17544.0,8.122435020519836,0.9187756497948016,0.9675672594619243,Cockatoo,Lodging/residential,3830.9
Cockatoo_lodging_Homer,17544,16119,2016-01-01,2017-12-31 23:00:00,17544.0,8.122435020519836,0.9187756497948016,0.9675672594619243,Cockatoo,Lodging/residential,12046.2
Cockatoo_lodging_Jarrod,17544,15470,2016-01-01,2017-12-31 23:00:00,17544.0,11.821705426356587,0.8817829457364341,0.9675672594619243,Cockatoo,Lodging/residential,6100.3
Cockatoo_lodging_Javier,17544,16119,2016-01-01,2017-12-31 23:00:00,17544.0,8.122435020519836,0.9187756497948016,0.9675672594619243,Cockatoo,Lodging/residential,12411.3
Cockatoo_lodging_Jim,17544,16119,2016-01-01,2017-12-31 23:00:00,17544.0,8.122435020519836,0.9187756497948016,0.9675672594619243,Cockatoo,Lodging/residential,6131.5
Cockatoo_lodging_Jimmie,17544,15217,2016-01-01,2017-12-31 23:00:00,17544.0,13.263793889648879,0.8673620611035112,0.9675672594619243,Cockatoo,Lodging/residential,2766.2
Cockatoo_lodging_Johnathan,17544,16119,2016-01-01,2017-12-31 23:00:00,17544.0,8.122435020519836,0.9187756497948016,0.9675672594619243,Cockatoo,Lodging/residential,3774.6
Cockatoo_lodging_Josephine,17544,16111,2016-01-01,2017-12-31 23:00:00,17544.0,8.168034655722757,0.9183196534427724,0.9675672594619243,Cockatoo,Lodging/residential,7287.1
Cockatoo_lodging_Judi,17544,16119,2016-01-01,2017-12-31 23:00:00,17544.0,8.122435020519836,0.9187756497948016,0.9675672594619243,Cockatoo,Lodging/residential,1846.5
Cockatoo_lodging_Katharine,17544,16113,2016-01-01,2017-12-31 23:00:00,17544.0,8.15663474692202,0.9184336525307798,0.9675672594619243,Cockatoo,Lodging/residential,5707.9
Cockatoo_lodging_Kerri,17544,14326,2016-01-01,2017-12-31 23:00:00,17544.0,18.342453260373915,0.8165754673962609,0.9675672594619243,Cockatoo,Lodging/residential,8949.9
Cockatoo_lodging_Kyle,17544,16119,2016-01-01,2017-12-31 23:00:00,17544.0,8.122435020519836,0.9187756497948016,0.9675672594619243,Cockatoo,Lodging/residential,13275.9
Cockatoo_lodging_Lana,17544,16103,2016-01-01,2017-12-31 23:00:00,17544.0,8.213634290925675,0.9178636570907432,0.9675672594619243,Cockatoo,Lodging/residential,4541.2
Cockatoo_lodging_Linwood,17544,16119,2016-01-01,2017-12-31 23:00:00,17544.0,8.122435020519836,0.9187756497948016,0.9675672594619243,Cockatoo,Lodging/residential,3837.1
Cockatoo_lodging_Lynne,17544,16119,2016-01-01,2017-12-31 23:00:00,17544.0,8.122435020519836,0.9187756497948016,0.9675672594619243,Cockatoo,Lodging/residential,12683.3
Cockatoo_lodging_Mandy,17544,16102,2016-01-01,2017-12-31 23:00:00,17544.0,8.219334245326039,0.9178066575467396,0.9675672594619243,Cockatoo,Lodging/residential,1698.0
Cockatoo_lodging_Olga,17544,16119,2016-01-01,2017-12-31 23:00:00,17544.0,8.122435020519836,0.9187756497948016,0.9675672594619243,Cockatoo,Lodging/residential,3758.0
Cockatoo_lodging_Raphael,17544,16119,2016-01-01,2017-12-31 23:00:00,17544.0,8.122435020519836,0.9187756497948016,0.9675672594619243,Cockatoo,Lodging/residential,7724.0
Cockatoo_lodging_Tesha,17544,16088,2016-01-01,2017-12-31 23:00:00,17544.0,8.299133606931141,0.9170086639306886,0.9675672594619243,Cockatoo,Lodging/residential,2239.2
Cockatoo_lodging_Tessie,17544,16115,2016-01-01,2017-12-31 23:00:00,17544.0,8.145234838121295,0.918547651618787,0.9675672594619243,Cockatoo,Lodging/residential,15727.5
Cockatoo_office_Ada,17544,13749,2016-01-01,2017-12-31 23:00:00,17544.0,21.6313269493844,0.783686730506156,0.9675672594619243,Cockatoo,Office,4952.0
Cockatoo_office_Alton,17544,16119,2016-01-01,2017-12-31 23:00:00,17544.0,8.122435020519836,0.9187756497948016,0.9675672594619243,Cockatoo,Office,3972.1
Cockatoo_office_Christy,17544,16112,2016-01-01,2017-12-31 23:00:00,17544.0,8.162334701322393,0.9183766529867761,0.9675672594619243,Cockatoo,Office,17376.7
Cockatoo_office_Delores,17544,16119,2016-01-01,2017-12-31 23:00:00,17544.0,8.122435020519836,0.9187756497948016,0.9675672594619243,Cockatoo,Office,7861.0
Cockatoo_office_Elbert,17544,16085,2016-01-01,2017-12-31 23:00:00,17544.0,8.31623347013224,0.9168376652986776,0.9675672594619243,Cockatoo,Office,3772.9
Cockatoo_office_Gail,17544,16112,2016-01-01,2017-12-31 23:00:00,17544.0,8.162334701322393,0.9183766529867761,0.9675672594619243,Cockatoo,Office,2909.4
Cockatoo_office_Georgia,17544,16118,2016-01-01,2017-12-31 23:00:00,17544.0,8.128134974920197,0.918718650250798,0.9675672594619243,Cockatoo,Office,14672.4
Cockatoo_office_Giovanni,17544,16087,2016-01-01,2017-12-31 23:00:00,17544.0,8.304833561331504,0.916951664386685,0.9675672594619243,Cockatoo,Office,10710.6
Cockatoo_office_Jimmy,17544,16104,2016-01-01,2017-12-31 23:00:00,17544.0,8.207934336525312,0.9179206566347469,0.9675672594619243,Cockatoo,Office,1369.8
Cockatoo_office_Jodie,17544,16113,2016-01-01,2017-12-31 23:00:00,17544.0,8.15663474692202,0.9184336525307798,0.9675672594619243,Cockatoo,Office,2884.9
Cockatoo_office_Kristin,17544,16112,2016-01-01,2017-12-31 23:00:00,17544.0,8.162334701322393,0.9183766529867761,0.9675672594619243,Cockatoo,Office,4603.6
Cockatoo_office_Laila,17544,16111,2016-01-01,2017-12-31 23:00:00,17544.0,8.168034655722757,0.9183196534427724,0.9675672594619243,Cockatoo,Office,10254.6
Cockatoo_office_Lorraine,17544,16072,2016-01-01,2017-12-31 23:00:00,17544.0,8.39033287733698,0.9160966712266302,0.9675672594619243,Cockatoo,Office,1070.6
Cockatoo_office_Margaret,17544,16100,2016-01-01,2017-12-31 23:00:00,17544.0,8.230734154126761,0.9176926584587324,0.9675672594619243,Cockatoo,Office,8572.3
Cockatoo_office_Paige,17544,16119,2016-01-01,2017-12-31 23:00:00,17544.0,8.122435020519836,0.9187756497948016,0.9675672594619243,Cockatoo,Office,12151.2
Cockatoo_office_Pansy,17544,16114,2016-01-01,2017-12-31 23:00:00,17544.0,8.150934792521658,0.9184906520747834,0.9675672594619243,Cockatoo,Office,8173.3
Cockatoo_office_Rodney,17544,16119,2016-01-01,2017-12-31 23:00:00,17544.0,8.122435020519836,0.9187756497948016,0.9675672594619243,Cockatoo,Office,4364.7
Cockatoo_office_Roxanna,17544,16095,2016-01-01,2017-12-31 23:00:00,17544.0,8.259233926128594,0.917407660738714,0.9675672594619243,Cockatoo,Office,2008.4
Cockatoo_public_Caleb,17544,16110,2016-01-01,2017-12-31 23:00:00,17544.0,8.173734610123118,0.9182626538987688,0.9675672594619243,Cockatoo,Public services,12710.7
Cockatoo_public_Chiquita,17544,16114,2016-01-01,2017-12-31 23:00:00,17544.0,8.150934792521658,0.9184906520747834,0.9675672594619243,Cockatoo,Public services,9247.7
Cockatoo_public_Harland,17544,16107,2016-01-01,2017-12-31 23:00:00,17544.0,8.190834473324216,0.9180916552667578,0.9675672594619243,Cockatoo,Public services,4698.8
Cockatoo_public_Leah,17544,16118,2016-01-01,2017-12-31 23:00:00,17544.0,8.128134974920197,0.918718650250798,0.9675672594619243,Cockatoo,Public services,22299.1
Cockatoo_public_Shad,17544,16113,2016-01-01,2017-12-31 23:00:00,17544.0,8.15663474692202,0.9184336525307798,0.9675672594619243,Cockatoo,Public services,10345.7
Cockatoo_public_Valerie,17544,16119,2016-01-01,2017-12-31 23:00:00,17544.0,8.122435020519836,0.9187756497948016,0.9675672594619243,Cockatoo,Public services,22582.1
Cockatoo_religion_Diedre,17544,16119,2016-01-01,2017-12-31 23:00:00,17544.0,8.122435020519836,0.9187756497948016,0.9675672594619243,Cockatoo,Religious worship,2062.5
Cockatoo_science_Rex,17544,16117,2016-01-01,2017-12-31 23:00:00,17544.0,8.13383492932056,0.9186616507067944,0.9675672594619243,Cockatoo,Technology/science,5583.5
Cockatoo_utility_Kimiko,17544,14518,2016-01-01,2017-12-31 23:00:00,17544.0,17.248062015503873,0.8275193798449613,0.9675672594619243,Cockatoo,Utility,378.2
Cockatoo_utility_Sherri,17544,16115,2016-01-01,2017-12-31 23:00:00,17544.0,8.145234838121295,0.918547651618787,0.9675672594619243,Cockatoo,Utility,6960.5
Crow_education_Kate,17544,15437,2016-01-01,2017-12-31 23:00:00,17544.0,12.00980392156863,0.8799019607843137,0.9610123119015048,Crow,Education,6320.2
Crow_education_Keisha,17544,16272,2016-01-01,2017-12-31 23:00:00,17544.0,7.25034199726402,0.9274965800273598,0.9610123119015048,Crow,Education,14173.2
Crow_education_Marlin,17544,16308,2016-01-01,2017-12-31 23:00:00,17544.0,7.045143638850893,0.9295485636114911,0.9610123119015048,Crow,Education,7561.4
Crow_education_Omer,17544,16281,2016-01-01,2017-12-31 23:00:00,17544.0,7.199042407660738,0.9280095759233926,0.9610123119015048,Crow,Education,11857.4
Crow_education_Winston,17544,16538,2016-01-01,2017-12-31 23:00:00,17544.0,5.734154126766988,0.9426584587323301,0.9610123119015048,Crow,Education,8659.1
Eagle_assembly_Benny,17544,17431,2016-01-01,2017-12-31 23:00:00,17544.0,0.6440948472412167,0.9935590515275878,0.9995440036479708,Eagle,Entertainment/public assembly,4642.8
Eagle_assembly_Candice,17544,17345,2016-01-01,2017-12-31 23:00:00,17544.0,1.1342909256725986,0.988657090743274,0.9995440036479708,Eagle,Entertainment/public assembly,7867.8
Eagle_assembly_Estelle,17544,17360,2016-01-01,2017-12-31 23:00:00,17544.0,1.0487916096671213,0.9895120839033288,0.9995440036479708,Eagle,Entertainment/public assembly,1723.4
Eagle_assembly_Herbert,17544,17423,2016-01-01,2017-12-31 23:00:00,17544.0,0.6896944824441364,0.9931030551755586,0.9995440036479708,Eagle,Entertainment/public assembly,7691.3
Eagle_assembly_Ian,17544,17374,2016-01-01,2017-12-31 23:00:00,17544.0,0.9689922480620172,0.9903100775193798,0.9995440036479708,Eagle,Entertainment/public assembly,34376.3
Eagle_assembly_Josie,17544,17222,2016-01-01,2017-12-31 23:00:00,17544.0,1.8353853169174594,0.9816461468308254,0.9995440036479708,Eagle,Entertainment/public assembly,6827.3
Eagle_assembly_Lacy,17544,16852,2016-01-01,2017-12-31 23:00:00,17544.0,3.9443684450524374,0.9605563155494756,0.9995440036479708,Eagle,Entertainment/public assembly,15467.3
Eagle_assembly_Latrina,17544,16345,2016-01-01,2017-12-31 23:00:00,17544.0,6.834245326037392,0.9316575467396261,0.9995440036479708,Eagle,Entertainment/public assembly,26702.1
Eagle_assembly_Margret,17544,17118,2016-01-01,2017-12-31 23:00:00,17544.0,2.4281805745554053,0.975718194254446,0.9995440036479708,Eagle,Entertainment/public assembly,16797.4
Eagle_assembly_Noel,17544,0,2016-01-01,2017-12-31 23:00:00,17544.0,100.0,0.0,0.9995440036479708,Eagle,Entertainment/public assembly,3972.1
Eagle_assembly_Portia,17544,17352,2016-01-01,2017-12-31 23:00:00,17544.0,1.094391244870041,0.9890560875512996,0.9995440036479708,Eagle,Entertainment/public assembly,3211.2
Eagle_education_Alberto,17544,16425,2016-01-01,2017-12-31 23:00:00,17544.0,6.378248974008205,0.936217510259918,0.9995440036479708,Eagle,Education,15894.2
Eagle_education_April,17544,13113,2016-01-01,2017-12-31 23:00:00,17544.0,25.25649794801642,0.7474350205198358,0.9995440036479708,Eagle,Education,7144.5
Eagle_education_Brianne,17544,16672,2016-01-01,2017-12-31 23:00:00,17544.0,4.970360237118099,0.950296397628819,0.9995440036479708,Eagle,Education,6857.4
Eagle_education_Brooke,17544,17506,2016-01-01,2017-12-31 23:00:00,17544.0,0.21659826721386333,0.9978340173278614,0.9995440036479708,Eagle,Education,25384.3
Eagle_education_Cassie,17544,8479,2016-01-01,2017-12-31 23:00:00,17544.0,51.67008663930688,0.4832991336069312,0.9995440036479708,Eagle,Education,3066.9
Eagle_education_Edith,17544,16827,2016-01-01,2017-12-31 23:00:00,17544.0,4.086867305061559,0.9591313269493844,0.9995440036479708,Eagle,Education,7427.5
Eagle_education_Eileen,17544,16350,2016-01-01,2017-12-31 23:00:00,17544.0,6.805745554035569,0.9319425444596443,0.9995440036479708,Eagle,Education,2600.8
Eagle_education_Jewell,17544,16045,2016-01-01,2017-12-31 23:00:00,17544.0,8.544231646146827,0.9145576835385317,0.9995440036479708,Eagle,Education,16845.9
Eagle_education_Lino,17544,17359,2016-01-01,2017-12-31 23:00:00,17544.0,1.0544915640674835,0.9894550843593252,0.9995440036479708,Eagle,Education,12911.4
Eagle_education_Luther,17544,17461,2016-01-01,2017-12-31 23:00:00,17544.0,0.4730962152302731,0.9952690378476973,0.9995440036479708,Eagle,Education,10799.9
Eagle_education_Maragret,17544,17332,2016-01-01,2017-12-31 23:00:00,17544.0,1.2083903328773404,0.9879160966712266,0.9995440036479708,Eagle,Education,1228.2
Eagle_education_Norah,17544,17435,2016-01-01,2017-12-31 23:00:00,17544.0,0.6212950296397679,0.9937870497036023,0.9995440036479708,Eagle,Education,9089.4
Eagle_education_Paul,17544,15036,2016-01-01,2017-12-31 23:00:00,17544.0,14.295485636114913,0.8570451436388509,0.9995440036479708,Eagle,Education,4008.1
Eagle_education_Peter,17544,17411,2016-01-01,2017-12-31 23:00:00,17544.0,0.7580939352485161,0.9924190606475148,0.9995440036479708,Eagle,Education,41103.8
Eagle_education_Petra,17544,17365,2016-01-01,2017-12-31 23:00:00,17544.0,1.0202918376652992,0.989797081623347,0.9995440036479708,Eagle,Education,2320.6
Eagle_education_Raul,17544,17421,2016-01-01,2017-12-31 23:00:00,17544.0,0.7010943912448719,0.9929890560875513,0.9995440036479708,Eagle,Education,15255.2
Eagle_education_Roman,17544,17369,2016-01-01,2017-12-31 23:00:00,17544.0,0.9974920200638393,0.9900250797993616,0.9995440036479708,Eagle,Education,18621.7
Eagle_education_Samantha,17544,17531,2016-01-01,2017-12-31 23:00:00,17544.0,0.07409940720474184,0.9992590059279526,0.9995440036479708,Eagle,Education,12518.5
Eagle_education_Shana,17544,16380,2016-01-01,2017-12-31 23:00:00,17544.0,6.634746922024625,0.9336525307797537,0.9995440036479708,Eagle,Education,2359.8
Eagle_education_Shanna,17544,17372,2016-01-01,2017-12-31 23:00:00,17544.0,0.9803921568627416,0.9901960784313726,0.9995440036479708,Eagle,Education,9718.0
Eagle_education_Shante,17544,16803,2016-01-01,2017-12-31 23:00:00,17544.0,4.223666210670318,0.9577633378932968,0.9995440036479708,Eagle,Education,21566.4
Eagle_education_Sheena,17544,15036,2016-01-01,2017-12-31 23:00:00,17544.0,14.295485636114913,0.8570451436388509,0.9995440036479708,Eagle,Education,4277.0
Eagle_education_Sherrill,17544,17452,2016-01-01,2017-12-31 23:00:00,17544.0,0.5243958048335662,0.9947560419516643,0.9995440036479708,Eagle,Education,18064.2
Eagle_education_Teresa,17544,17475,2016-01-01,2017-12-31 23:00:00,17544.0,0.3932968536251691,0.9960670314637483,0.9995440036479708,Eagle,Education,5628.2
Eagle_education_Wesley,17544,17365,2016-01-01,2017-12-31 23:00:00,17544.0,1.0202918376652992,0.989797081623347,0.9995440036479708,Eagle,Education,6604.3
Eagle_education_Will,17544,17464,2016-01-01,2017-12-31 23:00:00,17544.0,0.45599635202918654,0.9954400364797081,0.9995440036479708,Eagle,Education,5782.5
Eagle_food_Jennifer,17544,15301,2016-01-01,2017-12-31 23:00:00,17544.0,12.784997720018243,0.8721500227998176,0.9995440036479708,Eagle,Food sales and service,3307.8
Eagle_food_Kay,17544,17092,2016-01-01,2017-12-31 23:00:00,17544.0,2.576379388964889,0.9742362061103511,0.9995440036479708,Eagle,Food sales and service,6491.7
Eagle_health_Amy,17544,17364,2016-01-01,2017-12-31 23:00:00,17544.0,1.0259917920656614,0.9897400820793434,0.9995440036479708,Eagle,Healthcare,5238.6
Eagle_health_Athena,17544,14368,2016-01-01,2017-12-31 23:00:00,17544.0,18.10305517555859,0.8189694482444141,0.9995440036479708,Eagle,Healthcare,18040.6
Eagle_health_Gregoria,17544,13010,2016-01-01,2017-12-31 23:00:00,17544.0,25.843593251253992,0.7415640674874601,0.9995440036479708,Eagle,Healthcare,18580.6
Eagle_health_Jodi,17544,17442,2016-01-01,2017-12-31 23:00:00,17544.0,0.5813953488372103,0.9941860465116279,0.9995440036479708,Eagle,Healthcare,22083.4
Eagle_health_Lucinda,17544,17412,2016-01-01,2017-12-31 23:00:00,17544.0,0.7523939808481539,0.9924760601915185,0.9995440036479708,Eagle,Healthcare,1161.3
Eagle_health_Margo,17544,16351,2016-01-01,2017-12-31 23:00:00,17544.0,6.800045599635207,0.9319995440036479,0.9995440036479708,Eagle,Healthcare,2379.2
Eagle_health_Reba,17544,17361,2016-01-01,2017-12-31 23:00:00,17544.0,1.043091655266759,0.9895690834473324,0.9995440036479708,Eagle,Healthcare,19089.0
Eagle_health_Reuben,17544,17291,2016-01-01,2017-12-31 23:00:00,17544.0,1.4420884632922903,0.9855791153670771,0.9995440036479708,Eagle,Healthcare,12083.6
Eagle_health_Trisha,17544,17435,2016-01-01,2017-12-31 23:00:00,17544.0,0.6212950296397679,0.9937870497036023,0.9995440036479708,Eagle,Healthcare,6376.6
Eagle_health_Vincenza,17544,17440,2016-01-01,2017-12-31 23:00:00,17544.0,0.5927952576379347,0.9940720474236207,0.9995440036479708,Eagle,Healthcare,3284.5
Eagle_lodging_Andy,17544,17471,2016-01-01,2017-12-31 23:00:00,17544.0,0.41609667122662897,0.9958390332877337,0.9995440036479708,Eagle,Lodging/residential,6205.4
Eagle_lodging_Blake,17544,12138,2016-01-01,2017-12-31 23:00:00,17544.0,30.813953488372093,0.6918604651162791,0.9995440036479708,Eagle,Lodging/residential,3512.0
Eagle_lodging_Casey,17544,17352,2016-01-01,2017-12-31 23:00:00,17544.0,1.094391244870041,0.9890560875512996,0.9995440036479708,Eagle,Lodging/residential,6132.8
Eagle_lodging_Dawn,17544,17353,2016-01-01,2017-12-31 23:00:00,17544.0,1.0886912904696788,0.9891130870953032,0.9995440036479708,Eagle,Lodging/residential,5785.9
Eagle_lodging_Edgardo,17544,17365,2016-01-01,2017-12-31 23:00:00,17544.0,1.0202918376652992,0.989797081623347,0.9995440036479708,Eagle,Lodging/residential,5392.2
Eagle_lodging_Garland,17544,0,2016-01-01,2017-12-31 23:00:00,17544.0,100.0,0.0,0.9995440036479708,Eagle,Lodging/residential,6700.0
Eagle_lodging_Stephanie,17544,17335,2016-01-01,2017-12-31 23:00:00,17544.0,1.1912904696762427,0.9880870953032376,0.9995440036479708,Eagle,Lodging/residential,6967.7
Eagle_lodging_Terri,17544,16768,2016-01-01,2017-12-31 23:00:00,17544.0,4.423164614683084,0.9557683538531692,0.9995440036479708,Eagle,Lodging/residential,7422.9
Eagle_lodging_Tressa,17544,17365,2016-01-01,2017-12-31 23:00:00,17544.0,1.0202918376652992,0.989797081623347,0.9995440036479708,Eagle,Lodging/residential,5032.7
Eagle_lodging_Trina,17544,17365,2016-01-01,2017-12-31 23:00:00,17544.0,1.0202918376652992,0.989797081623347,0.9995440036479708,Eagle,Lodging/residential,5320.9
Eagle_office_Amanda,17544,16393,2016-01-01,2017-12-31 23:00:00,17544.0,6.560647514819884,0.9343935248518012,0.9995440036479708,Eagle,Office,8487.9
Eagle_office_Amie,17544,14193,2016-01-01,2017-12-31 23:00:00,17544.0,19.10054719562243,0.8089945280437757,0.9995440036479708,Eagle,Office,9581.8
Eagle_office_Bridgett,17544,17423,2016-01-01,2017-12-31 23:00:00,17544.0,0.6896944824441364,0.9931030551755586,0.9995440036479708,Eagle,Office,5692.5
Eagle_office_Chantelle,17544,16279,2016-01-01,2017-12-31 23:00:00,17544.0,7.210442316461463,0.9278955768353854,0.9995440036479708,Eagle,Office,2202.0
Eagle_office_Chauncey,17544,16474,2016-01-01,2017-12-31 23:00:00,17544.0,6.098951208390336,0.9390104879160966,0.9995440036479708,Eagle,Office,22068.7
Eagle_office_Dallas,17544,17383,2016-01-01,2017-12-31 23:00:00,17544.0,0.9176926584587353,0.9908230734154126,0.9995440036479708,Eagle,Office,3522.6
Eagle_office_Damian,17544,16772,2016-01-01,2017-12-31 23:00:00,17544.0,4.4003647970816235,0.9559963520291838,0.9995440036479708,Eagle,Office,10606.4
Eagle_office_Demetra,17544,17365,2016-01-01,2017-12-31 23:00:00,17544.0,1.0202918376652992,0.989797081623347,0.9995440036479708,Eagle,Office,9670.2
Eagle_office_Donovan,17544,17439,2016-01-01,2017-12-31 23:00:00,17544.0,0.598495212038308,0.9940150478796169,0.9995440036479708,Eagle,Office,8031.9
Eagle_office_Efrain,17544,17364,2016-01-01,2017-12-31 23:00:00,17544.0,1.0259917920656614,0.9897400820793434,0.9995440036479708,Eagle,Office,3995.5
Eagle_office_Elia,17544,16829,2016-01-01,2017-12-31 23:00:00,17544.0,4.0754673962608345,0.9592453260373917,0.9995440036479708,Eagle,Office,6014.8
Eagle_office_Elias,17544,16772,2016-01-01,2017-12-31 23:00:00,17544.0,4.4003647970816235,0.9559963520291838,0.9995440036479708,Eagle,Office,5003.8
Eagle_office_Elvis,17544,17363,2016-01-01,2017-12-31 23:00:00,17544.0,1.0316917464660236,0.9896830825353398,0.9995440036479708,Eagle,Office,3972.1
Eagle_office_Flossie,17544,16376,2016-01-01,2017-12-31 23:00:00,17544.0,6.657546739626086,0.9334245326037391,0.9995440036479708,Eagle,Office,3989.4
Eagle_office_Francis,17544,17364,2016-01-01,2017-12-31 23:00:00,17544.0,1.0259917920656614,0.9897400820793434,0.9995440036479708,Eagle,Office,14807.3
Eagle_office_Freida,17544,17357,2016-01-01,2017-12-31 23:00:00,17544.0,1.065891472868219,0.9893410852713178,0.9995440036479708,Eagle,Office,7246.6
Eagle_office_Henriette,17544,17460,2016-01-01,2017-12-31 23:00:00,17544.0,0.4787961696306464,0.9952120383036935,0.9995440036479708,Eagle,Office,2181.5
Eagle_office_Isidro,17544,17346,2016-01-01,2017-12-31 23:00:00,17544.0,1.1285909712722253,0.9887140902872777,0.9995440036479708,Eagle,Office,2217.7
Eagle_office_Jackie,17544,17363,2016-01-01,2017-12-31 23:00:00,17544.0,1.0316917464660236,0.9896830825353398,0.9995440036479708,Eagle,Office,5737.3
Eagle_office_Jeff,17544,17365,2016-01-01,2017-12-31 23:00:00,17544.0,1.0202918376652992,0.989797081623347,0.9995440036479708,Eagle,Office,1586.5
Eagle_office_Joette,17544,8073,2016-01-01,2017-12-31 23:00:00,17544.0,53.984268125854996,0.46015731874145005,0.9995440036479708,Eagle,Office,6414.0
Eagle_office_Katheleen,17544,16829,2016-01-01,2017-12-31 23:00:00,17544.0,4.0754673962608345,0.9592453260373917,0.9995440036479708,Eagle,Office,4202.9
Eagle_office_Lamont,17544,16377,2016-01-01,2017-12-31 23:00:00,17544.0,6.6518467852257235,0.9334815321477428,0.9995440036479708,Eagle,Office,1453.8
Eagle_office_Lane,17544,17328,2016-01-01,2017-12-31 23:00:00,17544.0,1.2311901504788003,0.987688098495212,0.9995440036479708,Eagle,Office,4675.5
Eagle_office_Lillian,17544,16973,2016-01-01,2017-12-31 23:00:00,17544.0,3.254673962608301,0.967453260373917,0.9995440036479708,Eagle,Office,4844.1
Eagle_office_Mable,17544,17419,2016-01-01,2017-12-31 23:00:00,17544.0,0.7124943000455963,0.992875056999544,0.9995440036479708,Eagle,Office,2568.4
Eagle_office_Mandi,17544,16380,2016-01-01,2017-12-31 23:00:00,17544.0,6.634746922024625,0.9336525307797537,0.9995440036479708,Eagle,Office,820.9
Eagle_office_Marisela,17544,16360,2016-01-01,2017-12-31 23:00:00,17544.0,6.748746010031925,0.9325125398996807,0.9995440036479708,Eagle,Office,8399.5
Eagle_office_Michele,17544,8074,2016-01-01,2017-12-31 23:00:00,17544.0,53.97856817145463,0.46021431828545367,0.9995440036479708,Eagle,Office,6737.0
Eagle_office_Nereida,17544,16471,2016-01-01,2017-12-31 23:00:00,17544.0,6.116051071591421,0.9388394892840858,0.9995440036479708,Eagle,Office,10746.6
Eagle_office_Norbert,17544,16400,2016-01-01,2017-12-31 23:00:00,17544.0,6.520747834017326,0.9347925216598267,0.9995440036479708,Eagle,Office,5406.6
Eagle_office_Patrice,17544,17365,2016-01-01,2017-12-31 23:00:00,17544.0,1.0202918376652992,0.989797081623347,0.9995440036479708,Eagle,Office,12050.2
Eagle_office_Phyllis,17544,16380,2016-01-01,2017-12-31 23:00:00,17544.0,6.634746922024625,0.9336525307797537,0.9995440036479708,Eagle,Office,1994.5
Eagle_office_Randolph,17544,17458,2016-01-01,2017-12-31 23:00:00,17544.0,0.4901960784313708,0.9950980392156863,0.9995440036479708,Eagle,Office,6038.7
Eagle_office_Remedios,17544,16388,2016-01-01,2017-12-31 23:00:00,17544.0,6.5891472868217065,0.9341085271317829,0.9995440036479708,Eagle,Office,4781.8
Eagle_office_Ryan,17544,17323,2016-01-01,2017-12-31 23:00:00,17544.0,1.2596899224806224,0.9874031007751938,0.9995440036479708,Eagle,Office,2092.5
Eagle_office_Sheree,17544,17399,2016-01-01,2017-12-31 23:00:00,17544.0,0.8264933880528957,0.991735066119471,0.9995440036479708,Eagle,Office,2907.9
Eagle_office_Sonya,17544,17365,2016-01-01,2017-12-31 23:00:00,17544.0,1.0202918376652992,0.989797081623347,0.9995440036479708,Eagle,Office,8101.1
Eagle_office_Tia,17544,16350,2016-01-01,2017-12-31 23:00:00,17544.0,6.805745554035569,0.9319425444596443,0.9995440036479708,Eagle,Office,11403.5
Eagle_office_Yadira,17544,17358,2016-01-01,2017-12-31 23:00:00,17544.0,1.0601915184678568,0.9893980848153214,0.9995440036479708,Eagle,Office,15101.3
Eagle_public_Alvin,17544,17039,2016-01-01,2017-12-31 23:00:00,17544.0,2.8784769721842185,0.9712152302781578,0.9995440036479708,Eagle,Public services,7110.5
Eagle_public_Henry,17544,17380,2016-01-01,2017-12-31 23:00:00,17544.0,0.9347925216598219,0.9906520747834018,0.9995440036479708,Eagle,Public services,1251.3
Eagle_public_Minnie,17544,17181,2016-01-01,2017-12-31 23:00:00,17544.0,2.0690834473324204,0.9793091655266758,0.9995440036479708,Eagle,Public services,6807.7
Eagle_public_Missy,17544,17070,2016-01-01,2017-12-31 23:00:00,17544.0,2.7017783857729127,0.9729822161422709,0.9995440036479708,Eagle,Public services,1908.2
Eagle_public_Ola,17544,17164,2016-01-01,2017-12-31 23:00:00,17544.0,2.165982672138622,0.9783401732786138,0.9995440036479708,Eagle,Public services,8874.7
Eagle_public_Pearle,17544,16772,2016-01-01,2017-12-31 23:00:00,17544.0,4.4003647970816235,0.9559963520291838,0.9995440036479708,Eagle,Public services,22990.8
Eagle_public_Preston,17544,17456,2016-01-01,2017-12-31 23:00:00,17544.0,0.5015959872321063,0.9949840401276789,0.9995440036479708,Eagle,Public services,25861.3
Fox_assembly_Adrianne,17544,17519,2016-01-01,2017-12-31 23:00:00,17544.0,0.1424988600091215,0.9985750113999088,0.9999430004559964,Fox,Entertainment/public assembly,21391.8
Fox_assembly_Audrey,17544,17541,2016-01-01,2017-12-31 23:00:00,17544.0,0.017099863201097687,0.999829001367989,0.9999430004559964,Fox,Entertainment/public assembly,1108.8
Fox_assembly_Boyce,17544,17013,2016-01-01,2017-12-31 23:00:00,17544.0,3.026675786593702,0.969733242134063,0.9999430004559964,Fox,Entertainment/public assembly,15520.9
Fox_assembly_Bradley,17544,17025,2016-01-01,2017-12-31 23:00:00,17544.0,2.9582763337893336,0.9704172366621067,0.9999430004559964,Fox,Entertainment/public assembly,75207.8
Fox_assembly_Carlos,17544,17502,2016-01-01,2017-12-31 23:00:00,17544.0,0.2393980848153232,0.9976060191518468,0.9999430004559964,Fox,Entertainment/public assembly,6706.9
Fox_assembly_Cathy,17544,17424,2016-01-01,2017-12-31 23:00:00,17544.0,0.6839945280437743,0.9931600547195623,0.9999430004559964,Fox,Entertainment/public assembly,13386.0
Fox_assembly_Cecelia,17544,17540,2016-01-01,2017-12-31 23:00:00,17544.0,0.022799817601459882,0.9997720018239854,0.9999430004559964,Fox,Entertainment/public assembly,1591.6
Fox_assembly_Christie,17544,17519,2016-01-01,2017-12-31 23:00:00,17544.0,0.1424988600091215,0.9985750113999088,0.9999430004559964,Fox,Entertainment/public assembly,997.1
Fox_assembly_Cindy,17544,17533,2016-01-01,2017-12-31 23:00:00,17544.0,0.06269949840401745,0.9993730050159598,0.9999430004559964,Fox,Entertainment/public assembly,3765.5
Fox_assembly_Dixie,17544,17527,2016-01-01,2017-12-31 23:00:00,17544.0,0.09689922480620172,0.999031007751938,0.9999430004559964,Fox,Entertainment/public assembly,9801.7
Fox_assembly_Emma,17544,17531,2016-01-01,2017-12-31 23:00:00,17544.0,0.07409940720474184,0.9992590059279526,0.9999430004559964,Fox,Entertainment/public assembly,13293.8
Fox_assembly_Gary,17544,17541,2016-01-01,2017-12-31 23:00:00,17544.0,0.017099863201097687,0.999829001367989,0.9999430004559964,Fox,Entertainment/public assembly,2261.7
Fox_assembly_Jerrod,17544,16581,2016-01-01,2017-12-31 23:00:00,17544.0,5.489056087551303,0.945109439124487,0.9999430004559964,Fox,Entertainment/public assembly,94.9
Fox_assembly_Johnnie,17544,17485,2016-01-01,2017-12-31 23:00:00,17544.0,0.33629730962152493,0.9966370269037848,0.9999430004559964,Fox,Entertainment/public assembly,23668.5
Fox_assembly_Kathie,17544,17242,2016-01-01,2017-12-31 23:00:00,17544.0,1.7213862289101711,0.9827861377108983,0.9999430004559964,Fox,Entertainment/public assembly,1466.6
Fox_assembly_Lakeisha,17544,17532,2016-01-01,2017-12-31 23:00:00,17544.0,0.06839945280437965,0.9993160054719562,0.9999430004559964,Fox,Entertainment/public assembly,898.0
Fox_assembly_Leeanne,17544,17534,2016-01-01,2017-12-31 23:00:00,17544.0,0.056999544003644154,0.9994300045599636,0.9999430004559964,Fox,Entertainment/public assembly,1932.8
Fox_assembly_Renna,17544,17541,2016-01-01,2017-12-31 23:00:00,17544.0,0.017099863201097687,0.999829001367989,0.9999430004559964,Fox,Entertainment/public assembly,16671.4
Fox_assembly_Sheldon,17544,17541,2016-01-01,2017-12-31 23:00:00,17544.0,0.017099863201097687,0.999829001367989,0.9999430004559964,Fox,Entertainment/public assembly,4823.5
Fox_assembly_Terrell,17544,17415,2016-01-01,2017-12-31 23:00:00,17544.0,0.7352941176470562,0.9926470588235294,0.9999430004559964,Fox,Entertainment/public assembly,4830.9
Fox_assembly_Tony,17544,17542,2016-01-01,2017-12-31 23:00:00,17544.0,0.01139990880072439,0.9998860009119928,0.9999430004559964,Fox,Entertainment/public assembly,7231.9
Fox_education_Andre,17544,17543,2016-01-01,2017-12-31 23:00:00,17544.0,0.005699954400362195,0.9999430004559964,0.9999430004559964,Fox,Education,17044.0
Fox_education_Ashli,17544,17540,2016-01-01,2017-12-31 23:00:00,17544.0,0.022799817601459882,0.9997720018239854,0.9999430004559964,Fox,Education,864.8
Fox_education_Burton,17544,17537,2016-01-01,2017-12-31 23:00:00,17544.0,0.03989968080255757,0.9996010031919744,0.9999430004559964,Fox,Education,7028.1
Fox_education_Carleen,17544,17531,2016-01-01,2017-12-31 23:00:00,17544.0,0.07409940720474184,0.9992590059279526,0.9999430004559964,Fox,Education,6635.2
Fox_education_Charles,17544,17523,2016-01-01,2017-12-31 23:00:00,17544.0,0.1196990424076616,0.9988030095759234,0.9999430004559964,Fox,Education,909.3
Fox_education_Claire,17544,17542,2016-01-01,2017-12-31 23:00:00,17544.0,0.01139990880072439,0.9998860009119928,0.9999430004559964,Fox,Education,8145.1
Fox_education_Claude,17544,17517,2016-01-01,2017-12-31 23:00:00,17544.0,0.15389876880984588,0.9984610123119015,0.9999430004559964,Fox,Education,17957.6
Fox_education_Cynthia,17544,17387,2016-01-01,2017-12-31 23:00:00,17544.0,0.8948928408572754,0.9910510715914272,0.9999430004559964,Fox,Education,7197.1
Fox_education_Delma,17544,17510,2016-01-01,2017-12-31 23:00:00,17544.0,0.19379844961240345,0.998062015503876,0.9999430004559964,Fox,Education,9181.5
Fox_education_Dewayne,17544,17528,2016-01-01,2017-12-31 23:00:00,17544.0,0.09119927040583953,0.9990880072959416,0.9999430004559964,Fox,Education,8892.4
Fox_education_Dominique,17544,17531,2016-01-01,2017-12-31 23:00:00,17544.0,0.07409940720474184,0.9992590059279526,0.9999430004559964,Fox,Education,8930.2
Fox_education_Eddy,17544,17541,2016-01-01,2017-12-31 23:00:00,17544.0,0.017099863201097687,0.999829001367989,0.9999430004559964,Fox,Education,13015.0
Fox_education_Eldon,17544,17539,2016-01-01,2017-12-31 23:00:00,17544.0,0.028499772001822077,0.9997150022799818,0.9999430004559964,Fox,Education,4613.7
Fox_education_Elizabeth,17544,15130,2016-01-01,2017-12-31 23:00:00,17544.0,13.759689922480622,0.8624031007751938,0.9999430004559964,Fox,Education,25295.4
Fox_education_Elois,17544,17536,2016-01-01,2017-12-31 23:00:00,17544.0,0.045599635202919764,0.9995440036479708,0.9999430004559964,Fox,Education,695.0
Fox_education_Elvira,17544,17522,2016-01-01,2017-12-31 23:00:00,17544.0,0.1253989968080238,0.9987460100319198,0.9999430004559964,Fox,Education,13826.7
Fox_education_Etta,17544,17524,2016-01-01,2017-12-31 23:00:00,17544.0,0.11399908800729941,0.998860009119927,0.9999430004559964,Fox,Education,4497.5
Fox_education_Gayla,17544,16320,2016-01-01,2017-12-31 23:00:00,17544.0,6.976744186046513,0.9302325581395349,0.9999430004559964,Fox,Education,7271.3
Fox_education_Geoffrey,17544,17537,2016-01-01,2017-12-31 23:00:00,17544.0,0.03989968080255757,0.9996010031919744,0.9999430004559964,Fox,Education,12731.4
Fox_education_Gloria,17544,17532,2016-01-01,2017-12-31 23:00:00,17544.0,0.06839945280437965,0.9993160054719562,0.9999430004559964,Fox,Education,14087.5
Fox_education_Henrietta,17544,17510,2016-01-01,2017-12-31 23:00:00,17544.0,0.19379844961240345,0.998062015503876,0.9999430004559964,Fox,Education,425.8
Fox_education_Heriberto,17544,17540,2016-01-01,2017-12-31 23:00:00,17544.0,0.022799817601459882,0.9997720018239854,0.9999430004559964,Fox,Education,3174.6
Fox_education_Jaclyn,17544,17528,2016-01-01,2017-12-31 23:00:00,17544.0,0.09119927040583953,0.9990880072959416,0.9999430004559964,Fox,Education,6619.2
Fox_education_Jacqueline,17544,11290,2016-01-01,2017-12-31 23:00:00,17544.0,35.647514819881444,0.6435248518011856,0.9999430004559964,Fox,Education,11797.3
Fox_education_Janina,17544,17502,2016-01-01,2017-12-31 23:00:00,17544.0,0.2393980848153232,0.9976060191518468,0.9999430004559964,Fox,Education,8479.5
Fox_education_John,17544,17223,2016-01-01,2017-12-31 23:00:00,17544.0,1.8296853625170972,0.981703146374829,0.9999430004559964,Fox,Education,4587.9
Fox_education_Kendrick,17544,17540,2016-01-01,2017-12-31 23:00:00,17544.0,0.022799817601459882,0.9997720018239854,0.9999430004559964,Fox,Education,1052.5
Fox_education_Kim,17544,17538,2016-01-01,2017-12-31 23:00:00,17544.0,0.03419972640218427,0.9996580027359782,0.9999430004559964,Fox,Education,5782.1
Fox_education_Kris,17544,17536,2016-01-01,2017-12-31 23:00:00,17544.0,0.045599635202919764,0.9995440036479708,0.9999430004559964,Fox,Education,2837.5
Fox_education_Leona,17544,17540,2016-01-01,2017-12-31 23:00:00,17544.0,0.022799817601459882,0.9997720018239854,0.9999430004559964,Fox,Education,26286.5
Fox_education_Leota,17544,17536,2016-01-01,2017-12-31 23:00:00,17544.0,0.045599635202919764,0.9995440036479708,0.9999430004559964,Fox,Education,12311.3
Fox_education_Lesley,17544,17507,2016-01-01,2017-12-31 23:00:00,17544.0,0.21089831281350113,0.997891016871865,0.9999430004559964,Fox,Education,1555.6
Fox_education_Lilly,17544,17445,2016-01-01,2017-12-31 23:00:00,17544.0,0.5642954856361126,0.9943570451436389,0.9999430004559964,Fox,Education,12236.3
Fox_education_Long,17544,17540,2016-01-01,2017-12-31 23:00:00,17544.0,0.022799817601459882,0.9997720018239854,0.9999430004559964,Fox,Education,12733.7
Fox_education_Louie,17544,17540,2016-01-01,2017-12-31 23:00:00,17544.0,0.022799817601459882,0.9997720018239854,0.9999430004559964,Fox,Education,16645.2
Fox_education_Marcelina,17544,17450,2016-01-01,2017-12-31 23:00:00,17544.0,0.5357957136342906,0.9946420428636571,0.9999430004559964,Fox,Education,400.8
Fox_education_Maris,17544,15578,2016-01-01,2017-12-31 23:00:00,17544.0,11.206110351117193,0.8879388964888281,0.9999430004559964,Fox,Education,2284.1
Fox_education_Marlana,17544,17443,2016-01-01,2017-12-31 23:00:00,17544.0,0.5756953944368481,0.9942430460556315,0.9999430004559964,Fox,Education,5997.8
Fox_education_Maureen,17544,8758,2016-01-01,2017-12-31 23:00:00,17544.0,50.07979936160511,0.49920200638394885,0.9999430004559964,Fox,Education,22757.9
Fox_education_Melinda,17544,17540,2016-01-01,2017-12-31 23:00:00,17544.0,0.022799817601459882,0.9997720018239854,0.9999430004559964,Fox,Education,18984.6
Fox_education_Melvin,17544,17445,2016-01-01,2017-12-31 23:00:00,17544.0,0.5642954856361126,0.9943570451436389,0.9999430004559964,Fox,Education,2289.4
Fox_education_Miguelina,17544,17529,2016-01-01,2017-12-31 23:00:00,17544.0,0.08549931600547733,0.9991450068399452,0.9999430004559964,Fox,Education,7831.7
Fox_education_Nilda,17544,17541,2016-01-01,2017-12-31 23:00:00,17544.0,0.017099863201097687,0.999829001367989,0.9999430004559964,Fox,Education,10371.2
Fox_education_Ollie,17544,17542,2016-01-01,2017-12-31 23:00:00,17544.0,0.01139990880072439,0.9998860009119928,0.9999430004559964,Fox,Education,6698.5
Fox_education_Otilia,17544,17526,2016-01-01,2017-12-31 23:00:00,17544.0,0.10259917920656392,0.9989740082079344,0.9999430004559964,Fox,Education,30403.1
Fox_education_Ray,17544,17542,2016-01-01,2017-12-31 23:00:00,17544.0,0.01139990880072439,0.9998860009119928,0.9999430004559964,Fox,Education,1185.5
Fox_education_Rosie,17544,17539,2016-01-01,2017-12-31 23:00:00,17544.0,0.028499772001822077,0.9997150022799818,0.9999430004559964,Fox,Education,8445.2
Fox_education_Rudolph,17544,17408,2016-01-01,2017-12-31 23:00:00,17544.0,0.7751937984496138,0.9922480620155039,0.9999430004559964,Fox,Education,2335.5
Fox_education_Shaun,17544,15253,2016-01-01,2017-12-31 23:00:00,17544.0,13.058595531235751,0.8694140446876425,0.9999430004559964,Fox,Education,6616.9
Fox_education_Shawanda,17544,17539,2016-01-01,2017-12-31 23:00:00,17544.0,0.028499772001822077,0.9997150022799818,0.9999430004559964,Fox,Education,960.1
Fox_education_Shirley,17544,17310,2016-01-01,2017-12-31 23:00:00,17544.0,1.3337893296853642,0.9866621067031464,0.9999430004559964,Fox,Education,8220.6
Fox_education_Stacia,17544,17342,2016-01-01,2017-12-31 23:00:00,17544.0,1.1513907888736852,0.9884860921112631,0.9999430004559964,Fox,Education,3134.5
Fox_education_Sterling,17544,17538,2016-01-01,2017-12-31 23:00:00,17544.0,0.03419972640218427,0.9996580027359782,0.9999430004559964,Fox,Education,4106.6
Fox_education_Suzan,17544,17429,2016-01-01,2017-12-31 23:00:00,17544.0,0.6554947560419522,0.9934450524395805,0.9999430004559964,Fox,Education,4559.5
Fox_education_Tamika,17544,17536,2016-01-01,2017-12-31 23:00:00,17544.0,0.045599635202919764,0.9995440036479708,0.9999430004559964,Fox,Education,8339.9
Fox_education_Theodore,17544,17538,2016-01-01,2017-12-31 23:00:00,17544.0,0.03419972640218427,0.9996580027359782,0.9999430004559964,Fox,Education,11389.2
Fox_education_Tonya,17544,17541,2016-01-01,2017-12-31 23:00:00,17544.0,0.017099863201097687,0.999829001367989,0.9999430004559964,Fox,Education,8444.9
Fox_education_Vernon,17544,7447,2016-01-01,2017-12-31 23:00:00,17544.0,57.55243958048335,0.4244756041951665,0.9999430004559964,Fox,Education,3825.7
Fox_education_Virgil,17544,17539,2016-01-01,2017-12-31 23:00:00,17544.0,0.028499772001822077,0.9997150022799818,0.9999430004559964,Fox,Education,6123.0
Fox_education_Virginia,17544,17493,2016-01-01,2017-12-31 23:00:00,17544.0,0.29069767441860517,0.997093023255814,0.9999430004559964,Fox,Education,1186.7
Fox_education_Wendell,17544,17537,2016-01-01,2017-12-31 23:00:00,17544.0,0.03989968080255757,0.9996010031919744,0.9999430004559964,Fox,Education,20402.2
Fox_education_Willis,17544,17541,2016-01-01,2017-12-31 23:00:00,17544.0,0.017099863201097687,0.999829001367989,0.9999430004559964,Fox,Education,24265.1
Fox_education_Yolande,17544,17542,2016-01-01,2017-12-31 23:00:00,17544.0,0.01139990880072439,0.9998860009119928,0.9999430004559964,Fox,Education,16681.6
Fox_food_Francesco,17544,17539,2016-01-01,2017-12-31 23:00:00,17544.0,0.028499772001822077,0.9997150022799818,0.9999430004559964,Fox,Food sales and service,2310.2
Fox_food_Scott,17544,17528,2016-01-01,2017-12-31 23:00:00,17544.0,0.09119927040583953,0.9990880072959416,0.9999430004559964,Fox,Food sales and service,2681.4
Fox_health_Lorena,17544,17504,2016-01-01,2017-12-31 23:00:00,17544.0,0.22799817601458772,0.9977200182398541,0.9999430004559964,Fox,Healthcare,3428.5
Fox_lodging_Alana,17544,17540,2016-01-01,2017-12-31 23:00:00,17544.0,0.022799817601459882,0.9997720018239854,0.9999430004559964,Fox,Lodging/residential,6938.2
Fox_lodging_Angla,17544,17525,2016-01-01,2017-12-31 23:00:00,17544.0,0.10829913360692611,0.9989170086639307,0.9999430004559964,Fox,Lodging/residential,20115.9
Fox_lodging_Frances,17544,17529,2016-01-01,2017-12-31 23:00:00,17544.0,0.08549931600547733,0.9991450068399452,0.9999430004559964,Fox,Lodging/residential,10340.5
Fox_lodging_Helen,17544,17543,2016-01-01,2017-12-31 23:00:00,17544.0,0.005699954400362195,0.9999430004559964,0.9999430004559964,Fox,Lodging/residential,51394.9
Fox_lodging_Isabell,17544,17540,2016-01-01,2017-12-31 23:00:00,17544.0,0.022799817601459882,0.9997720018239854,0.9999430004559964,Fox,Lodging/residential,2875.3
Fox_lodging_Jina,17544,17537,2016-01-01,2017-12-31 23:00:00,17544.0,0.03989968080255757,0.9996010031919744,0.9999430004559964,Fox,Lodging/residential,9888.6
Fox_lodging_Morris,17544,17526,2016-01-01,2017-12-31 23:00:00,17544.0,0.10259917920656392,0.9989740082079344,0.9999430004559964,Fox,Lodging/residential,3051.0
Fox_lodging_Stephan,17544,17524,2016-01-01,2017-12-31 23:00:00,17544.0,0.11399908800729941,0.998860009119927,0.9999430004559964,Fox,Lodging/residential,3382.2
Fox_lodging_Stephen,17544,17541,2016-01-01,2017-12-31 23:00:00,17544.0,0.017099863201097687,0.999829001367989,0.9999430004559964,Fox,Lodging/residential,8019.7
Fox_lodging_Wallace,17544,17540,2016-01-01,2017-12-31 23:00:00,17544.0,0.022799817601459882,0.9997720018239854,0.9999430004559964,Fox,Lodging/residential,5885.2
Fox_lodging_Warren,17544,17534,2016-01-01,2017-12-31 23:00:00,17544.0,0.056999544003644154,0.9994300045599636,0.9999430004559964,Fox,Lodging/residential,4562.3
Fox_lodging_Winifred,17544,17540,2016-01-01,2017-12-31 23:00:00,17544.0,0.022799817601459882,0.9997720018239854,0.9999430004559964,Fox,Lodging/residential,5582.2
Fox_office_Alice,17544,17540,2016-01-01,2017-12-31 23:00:00,17544.0,0.022799817601459882,0.9997720018239854,0.9999430004559964,Fox,Office,18806.8
Fox_office_Bernard,17544,17540,2016-01-01,2017-12-31 23:00:00,17544.0,0.022799817601459882,0.9997720018239854,0.9999430004559964,Fox,Office,4182.2
Fox_office_Berniece,17544,17524,2016-01-01,2017-12-31 23:00:00,17544.0,0.11399908800729941,0.998860009119927,0.9999430004559964,Fox,Office,2173.2
Fox_office_Brandy,17544,17534,2016-01-01,2017-12-31 23:00:00,17544.0,0.056999544003644154,0.9994300045599636,0.9999430004559964,Fox,Office,3921.8
Fox_office_Carson,17544,17540,2016-01-01,2017-12-31 23:00:00,17544.0,0.022799817601459882,0.9997720018239854,0.9999430004559964,Fox,Office,6891.5
Fox_office_Clayton,17544,17542,2016-01-01,2017-12-31 23:00:00,17544.0,0.01139990880072439,0.9998860009119928,0.9999430004559964,Fox,Office,488.5
Fox_office_Demetrius,17544,17526,2016-01-01,2017-12-31 23:00:00,17544.0,0.10259917920656392,0.9989740082079344,0.9999430004559964,Fox,Office,14463.3
Fox_office_Easter,17544,17435,2016-01-01,2017-12-31 23:00:00,17544.0,0.6212950296397679,0.9937870497036023,0.9999430004559964,Fox,Office,2766.5
Fox_office_Edythe,17544,17542,2016-01-01,2017-12-31 23:00:00,17544.0,0.01139990880072439,0.9998860009119928,0.9999430004559964,Fox,Office,7772.3
Fox_office_Essie,17544,17525,2016-01-01,2017-12-31 23:00:00,17544.0,0.10829913360692611,0.9989170086639307,0.9999430004559964,Fox,Office,12244.3
Fox_office_Gaylord,17544,17292,2016-01-01,2017-12-31 23:00:00,17544.0,1.4363885088919282,0.9856361149110807,0.9999430004559964,Fox,Office,13759.0
Fox_office_Israel,17544,17540,2016-01-01,2017-12-31 23:00:00,17544.0,0.022799817601459882,0.9997720018239854,0.9999430004559964,Fox,Office,11282.1
Fox_office_Joy,17544,17535,2016-01-01,2017-12-31 23:00:00,17544.0,0.05129958960328196,0.9994870041039672,0.9999430004559964,Fox,Office,6581.0
Fox_office_Juana,17544,17355,2016-01-01,2017-12-31 23:00:00,17544.0,1.0772913816689433,0.9892270861833106,0.9999430004559964,Fox,Office,2671.0
Fox_office_Karima,17544,17542,2016-01-01,2017-12-31 23:00:00,17544.0,0.01139990880072439,0.9998860009119928,0.9999430004559964,Fox,Office,4806.1
Fox_office_Margarita,17544,17371,2016-01-01,2017-12-31 23:00:00,17544.0,0.9860921112631149,0.9901390788873689,0.9999430004559964,Fox,Office,2187.8
Fox_office_Molly,17544,17527,2016-01-01,2017-12-31 23:00:00,17544.0,0.09689922480620172,0.999031007751938,0.9999430004559964,Fox,Office,576.3
Fox_office_Rowena,17544,17521,2016-01-01,2017-12-31 23:00:00,17544.0,0.131098951208386,0.9986890104879161,0.9999430004559964,Fox,Office,3132.0
Fox_office_Sheila,17544,17538,2016-01-01,2017-12-31 23:00:00,17544.0,0.03419972640218427,0.9996580027359782,0.9999430004559964,Fox,Office,901.4
Fox_office_Susanne,17544,17541,2016-01-01,2017-12-31 23:00:00,17544.0,0.017099863201097687,0.999829001367989,0.9999430004559964,Fox,Office,941.6
Fox_office_Thelma,17544,17542,2016-01-01,2017-12-31 23:00:00,17544.0,0.01139990880072439,0.9998860009119928,0.9999430004559964,Fox,Office,11052.3
Fox_office_Vicki,17544,17533,2016-01-01,2017-12-31 23:00:00,17544.0,0.06269949840401745,0.9993730050159598,0.9999430004559964,Fox,Office,6580.5
Fox_office_Yong,17544,17534,2016-01-01,2017-12-31 23:00:00,17544.0,0.056999544003644154,0.9994300045599636,0.9999430004559964,Fox,Office,15232.3
Fox_office_Zachary,17544,17528,2016-01-01,2017-12-31 23:00:00,17544.0,0.09119927040583953,0.9990880072959416,0.9999430004559964,Fox,Office,13038.5
Fox_parking_Felipa,17544,17491,2016-01-01,2017-12-31 23:00:00,17544.0,0.30209758321932956,0.9969790241678067,0.9999430004559964,Fox,Parking,51767.1
Fox_parking_Lynelle,17544,17541,2016-01-01,2017-12-31 23:00:00,17544.0,0.017099863201097687,0.999829001367989,0.9999430004559964,Fox,Parking,14596.3
Fox_parking_Tommie,17544,17533,2016-01-01,2017-12-31 23:00:00,17544.0,0.06269949840401745,0.9993730050159598,0.9999430004559964,Fox,Parking,37633.4
Fox_public_Bart,17544,17540,2016-01-01,2017-12-31 23:00:00,17544.0,0.022799817601459882,0.9997720018239854,0.9999430004559964,Fox,Public services,9407.5
Fox_public_Belle,17544,17525,2016-01-01,2017-12-31 23:00:00,17544.0,0.10829913360692611,0.9989170086639307,0.9999430004559964,Fox,Public services,1524.6
Fox_public_Denny,17544,17537,2016-01-01,2017-12-31 23:00:00,17544.0,0.03989968080255757,0.9996010031919744,0.9999430004559964,Fox,Public services,4058.1
Fox_public_Lauren,17544,17534,2016-01-01,2017-12-31 23:00:00,17544.0,0.056999544003644154,0.9994300045599636,0.9999430004559964,Fox,Public services,9262.4
Fox_public_Martin,17544,17533,2016-01-01,2017-12-31 23:00:00,17544.0,0.06269949840401745,0.9993730050159598,0.9999430004559964,Fox,Public services,32129.3
Fox_public_Rhonda,17544,17537,2016-01-01,2017-12-31 23:00:00,17544.0,0.03989968080255757,0.9996010031919744,0.9999430004559964,Fox,Public services,9555.6
Fox_religion_Maurice,17544,16456,2016-01-01,2017-12-31 23:00:00,17544.0,6.2015503875969,0.937984496124031,0.9999430004559964,Fox,Religious worship,151.3
Fox_retail_Manie,17544,17528,2016-01-01,2017-12-31 23:00:00,17544.0,0.09119927040583953,0.9990880072959416,0.9999430004559964,Fox,Retail,4201.4
Fox_utility_Marian,17544,17541,2016-01-01,2017-12-31 23:00:00,17544.0,0.017099863201097687,0.999829001367989,0.9999430004559964,Fox,Utility,2040.0
Fox_warehouse_Lorretta,17544,16790,2016-01-01,2017-12-31 23:00:00,17544.0,4.29776561787506,0.9570223438212494,0.9999430004559964,Fox,Warehouse/storage,360.2
Fox_warehouse_Pearl,17544,17447,2016-01-01,2017-12-31 23:00:00,17544.0,0.5528955768353883,0.9944710442316461,0.9999430004559964,Fox,Warehouse/storage,1199.2
Gator_assembly_Alexa,17544,12406,2016-01-01,2017-12-31 23:00:00,17544.0,29.286365709074325,0.7071363429092568,1.0,Gator,Entertainment/public assembly,61.9
Gator_assembly_Bailey,17544,16222,2016-01-01,2017-12-31 23:00:00,17544.0,7.535339717282263,0.9246466028271774,1.0,Gator,Entertainment/public assembly,34.0
Gator_assembly_Beryl,17544,8519,2016-01-01,2017-12-31 23:00:00,17544.0,51.4420884632923,0.485579115367077,1.0,Gator,Entertainment/public assembly,4136.8
Gator_assembly_Blanca,17544,17038,2016-01-01,2017-12-31 23:00:00,17544.0,2.884176926584592,0.9711582307341541,1.0,Gator,Entertainment/public assembly,8573.8
Gator_assembly_Daisy,17544,16152,2016-01-01,2017-12-31 23:00:00,17544.0,7.934336525307795,0.920656634746922,1.0,Gator,Entertainment/public assembly,33.1
Gator_assembly_Elliot,17544,24,2016-01-01,2017-12-31 23:00:00,17544.0,99.86320109439124,0.001367989056087593,1.0,Gator,Entertainment/public assembly,100.3
Gator_assembly_Enid,17544,16942,2016-01-01,2017-12-31 23:00:00,17544.0,3.4313725490196068,0.9656862745098039,1.0,Gator,Entertainment/public assembly,499.8
Gator_assembly_Erich,17544,9794,2016-01-01,2017-12-31 23:00:00,17544.0,44.174646602827174,0.5582535339717283,1.0,Gator,Entertainment/public assembly,645.1
Gator_assembly_Gene,17544,15982,2016-01-01,2017-12-31 23:00:00,17544.0,8.903328773369811,0.9109667122663019,1.0,Gator,Entertainment/public assembly,864.3
Gator_assembly_Hue,17544,3339,2016-01-01,2017-12-31 23:00:00,17544.0,80.96785225718195,0.1903214774281805,1.0,Gator,Entertainment/public assembly,371.6
Gator_assembly_Joni,17544,16654,2016-01-01,2017-12-31 23:00:00,17544.0,5.072959416324673,0.9492704058367533,1.0,Gator,Entertainment/public assembly,346.4
Gator_assembly_Kayleigh,17544,16006,2016-01-01,2017-12-31 23:00:00,17544.0,8.766529867761053,0.9123347013223895,1.0,Gator,Entertainment/public assembly,142.7
Gator_assembly_Kimberly,17544,16942,2016-01-01,2017-12-31 23:00:00,17544.0,3.4313725490196068,0.9656862745098039,1.0,Gator,Entertainment/public assembly,81290.1
Gator_assembly_Lelia,17544,16367,2016-01-01,2017-12-31 23:00:00,17544.0,6.708846329229368,0.9329115367077063,1.0,Gator,Entertainment/public assembly,297.3
Gator_assembly_Lera,17544,9383,2016-01-01,2017-12-31 23:00:00,17544.0,46.51732786137711,0.5348267213862289,1.0,Gator,Entertainment/public assembly,91.4
Gator_assembly_Lilli,17544,16390,2016-01-01,2017-12-31 23:00:00,17544.0,6.5777473780209705,0.9342225262197903,1.0,Gator,Entertainment/public assembly,60.2
Gator_assembly_Loyce,17544,16894,2016-01-01,2017-12-31 23:00:00,17544.0,3.7049703602371142,0.9629502963976289,1.0,Gator,Entertainment/public assembly,377.7
Gator_assembly_Lucia,17544,15935,2016-01-01,2017-12-31 23:00:00,17544.0,9.171226630186958,0.9082877336981304,1.0,Gator,Entertainment/public assembly,70.1
Gator_assembly_Marjorie,17544,16966,2016-01-01,2017-12-31 23:00:00,17544.0,3.2945736434108475,0.9670542635658915,1.0,Gator,Entertainment/public assembly,1599.8
Gator_assembly_Maurine,17544,16870,2016-01-01,2017-12-31 23:00:00,17544.0,3.8417692658458735,0.9615823073415413,1.0,Gator,Entertainment/public assembly,278.7
Gator_assembly_Milton,17544,13918,2016-01-01,2017-12-31 23:00:00,17544.0,20.668034655722757,0.7933196534427724,1.0,Gator,Entertainment/public assembly,48.3
Gator_assembly_Regina,17544,16246,2016-01-01,2017-12-31 23:00:00,17544.0,7.398540811673504,0.926014591883265,1.0,Gator,Entertainment/public assembly,919.2
Gator_assembly_Roy,17544,5160,2016-01-01,2017-12-31 23:00:00,17544.0,70.58823529411764,0.2941176470588236,1.0,Gator,Entertainment/public assembly,2461.5
Gator_assembly_Selma,17544,16270,2016-01-01,2017-12-31 23:00:00,17544.0,7.261741906064756,0.9273825809393524,1.0,Gator,Entertainment/public assembly,274.6
Gator_assembly_Stacy,17544,13872,2016-01-01,2017-12-31 23:00:00,17544.0,20.93023255813954,0.7906976744186046,1.0,Gator,Entertainment/public assembly,79.9
Gator_assembly_Virgie,17544,16822,2016-01-01,2017-12-31 23:00:00,17544.0,4.115367077063381,0.9588463292293662,1.0,Gator,Entertainment/public assembly,44.7
Gator_office_August,17544,15216,2016-01-01,2017-12-31 23:00:00,17544.0,13.26949384404925,0.8673050615595075,1.0,Gator,Office,4487.2
Gator_office_Betty,17544,16270,2016-01-01,2017-12-31 23:00:00,17544.0,7.261741906064756,0.9273825809393524,1.0,Gator,Office,542.5
Gator_office_Carrie,17544,12550,2016-01-01,2017-12-31 23:00:00,17544.0,28.465572275421803,0.715344277245782,1.0,Gator,Office,24987.5
Gator_office_Hunter,17544,15862,2016-01-01,2017-12-31 23:00:00,17544.0,9.587323301413587,0.9041267669858641,1.0,Gator,Office,1314.6
Gator_office_Julie,17544,16390,2016-01-01,2017-12-31 23:00:00,17544.0,6.5777473780209705,0.9342225262197903,1.0,Gator,Office,527.7
Gator_office_Lisa,17544,16342,2016-01-01,2017-12-31 23:00:00,17544.0,6.851345189238489,0.9314865481076151,1.0,Gator,Office,3729.3
Gator_office_Lucy,17544,16006,2016-01-01,2017-12-31 23:00:00,17544.0,8.766529867761053,0.9123347013223895,1.0,Gator,Office,16315.4
Gator_office_Merle,17544,15047,2016-01-01,2017-12-31 23:00:00,17544.0,14.232786137710896,0.857672138622891,1.0,Gator,Office,794.5
Gator_other_Cassandra,17544,16822,2016-01-01,2017-12-31 23:00:00,17544.0,4.115367077063381,0.9588463292293662,1.0,Gator,Other,2567.8
Gator_other_Elfriede,17544,16894,2016-01-01,2017-12-31 23:00:00,17544.0,3.7049703602371142,0.9629502963976289,1.0,Gator,Other,2665.7
Gator_other_Gertrude,17544,16679,2016-01-01,2017-12-31 23:00:00,17544.0,4.930460556315552,0.9506953944368445,1.0,Gator,Other,237.4
Gator_other_Glen,17544,16128,2016-01-01,2017-12-31 23:00:00,17544.0,8.071135430916554,0.9192886456908345,1.0,Gator,Other,1138.9
Gator_other_Minda,17544,15502,2016-01-01,2017-12-31 23:00:00,17544.0,11.63930688554492,0.8836069311445508,1.0,Gator,Other,145.5
Gator_other_Refugio,17544,15983,2016-01-01,2017-12-31 23:00:00,17544.0,8.89762881896945,0.9110237118103055,1.0,Gator,Other,869.3
Gator_other_Reginald,17544,16054,2016-01-01,2017-12-31 23:00:00,17544.0,8.492932056543545,0.9150706794345645,1.0,Gator,Other,3889.0
Gator_other_Russel,17544,15336,2016-01-01,2017-12-31 23:00:00,17544.0,12.585499316005478,0.8741450068399452,1.0,Gator,Other,397.3
Gator_other_Samuel,17544,9823,2016-01-01,2017-12-31 23:00:00,17544.0,44.0093479252166,0.559906520747834,1.0,Gator,Other,9568.5
Gator_public_Alexandra,17544,16727,2016-01-01,2017-12-31 23:00:00,17544.0,4.656862745098033,0.9534313725490197,1.0,Gator,Public services,3088.7
Gator_public_Beulah,17544,16918,2016-01-01,2017-12-31 23:00:00,17544.0,3.568171454628366,0.9643182854537163,1.0,Gator,Public services,338.9
Gator_public_Cheri,17544,16918,2016-01-01,2017-12-31 23:00:00,17544.0,3.568171454628366,0.9643182854537163,1.0,Gator,Public services,945.2
Gator_public_Clara,17544,16294,2016-01-01,2017-12-31 23:00:00,17544.0,7.124943000455996,0.92875056999544,1.0,Gator,Public services,523.0
Gator_public_Dale,17544,16294,2016-01-01,2017-12-31 23:00:00,17544.0,7.124943000455996,0.92875056999544,1.0,Gator,Public services,1710.7
Gator_public_Dewey,17544,16414,2016-01-01,2017-12-31 23:00:00,17544.0,6.440948472412222,0.9355905152758778,1.0,Gator,Public services,333.7
Gator_public_Dionna,17544,16438,2016-01-01,2017-12-31 23:00:00,17544.0,6.3041495668034635,0.9369585043319654,1.0,Gator,Public services,945.2
Gator_public_Erika,17544,16199,2016-01-01,2017-12-31 23:00:00,17544.0,7.666438668490649,0.9233356133150935,1.0,Gator,Public services,337.0
Gator_public_Everette,17544,16558,2016-01-01,2017-12-31 23:00:00,17544.0,5.620155038759689,0.9437984496124031,1.0,Gator,Public services,1841.6
Gator_public_Geraldine,17544,16246,2016-01-01,2017-12-31 23:00:00,17544.0,7.398540811673504,0.926014591883265,1.0,Gator,Public services,1003.4
Gator_public_Janna,17544,16294,2016-01-01,2017-12-31 23:00:00,17544.0,7.124943000455996,0.92875056999544,1.0,Gator,Public services,2656.1
Gator_public_Jayme,17544,16870,2016-01-01,2017-12-31 23:00:00,17544.0,3.8417692658458735,0.9615823073415413,1.0,Gator,Public services,1549.8
Gator_public_Jolene,17544,9216,2016-01-01,2017-12-31 23:00:00,17544.0,47.46922024623803,0.5253077975376197,1.0,Gator,Public services,811.4
Gator_public_Kendall,17544,16318,2016-01-01,2017-12-31 23:00:00,17544.0,6.988144094847238,0.9301185590515276,1.0,Gator,Public services,726.5
Gator_public_Kenny,17544,16942,2016-01-01,2017-12-31 23:00:00,17544.0,3.4313725490196068,0.9656862745098039,1.0,Gator,Public services,1540.7
Gator_public_Latasha,17544,16127,2016-01-01,2017-12-31 23:00:00,17544.0,8.076835385316915,0.9192316461468308,1.0,Gator,Public services,677.4
Gator_public_Leroy,17544,16918,2016-01-01,2017-12-31 23:00:00,17544.0,3.568171454628366,0.9643182854537163,1.0,Gator,Public services,758.8
Gator_public_Lindsey,17544,16750,2016-01-01,2017-12-31 23:00:00,17544.0,4.525763793889648,0.9547423620611035,1.0,Gator,Public services,458.4
Gator_public_Lona,17544,15910,2016-01-01,2017-12-31 23:00:00,17544.0,9.313725490196079,0.9068627450980392,1.0,Gator,Public services,599.0
Gator_public_Marcie,17544,16894,2016-01-01,2017-12-31 23:00:00,17544.0,3.7049703602371142,0.9629502963976289,1.0,Gator,Public services,3275.1
Gator_public_Marissa,17544,16846,2016-01-01,2017-12-31 23:00:00,17544.0,3.978568171454633,0.9602143182854537,1.0,Gator,Public services,371.6
Gator_public_Maude,17544,15886,2016-01-01,2017-12-31 23:00:00,17544.0,9.450524395804837,0.9054947560419516,1.0,Gator,Public services,5574.2
Gator_public_Natasha,17544,16415,2016-01-01,2017-12-31 23:00:00,17544.0,6.435248518011861,0.9356475148198814,1.0,Gator,Public services,6123.5
Gator_public_Nettie,17544,16318,2016-01-01,2017-12-31 23:00:00,17544.0,6.988144094847238,0.9301185590515276,1.0,Gator,Public services,593.8
Gator_public_Noe,17544,16318,2016-01-01,2017-12-31 23:00:00,17544.0,6.988144094847238,0.9301185590515276,1.0,Gator,Public services,2462.6
Gator_public_Philip,17544,16127,2016-01-01,2017-12-31 23:00:00,17544.0,8.076835385316915,0.9192316461468308,1.0,Gator,Public services,406.1
Gator_public_Randall,17544,16966,2016-01-01,2017-12-31 23:00:00,17544.0,3.2945736434108475,0.9670542635658915,1.0,Gator,Public services,1806.6
Gator_public_Ross,17544,15911,2016-01-01,2017-12-31 23:00:00,17544.0,9.308025535795716,0.9069197446420428,1.0,Gator,Public services,450.4
Gator_public_Tiffany,17544,16174,2016-01-01,2017-12-31 23:00:00,17544.0,7.80893752849977,0.9219106247150023,1.0,Gator,Public services,590.0
Gator_warehouse_Constance,17544,16678,2016-01-01,2017-12-31 23:00:00,17544.0,4.936160510715915,0.9506383948928409,1.0,Gator,Warehouse/storage,1404.7
Gator_warehouse_Stacie,17544,16222,2016-01-01,2017-12-31 23:00:00,17544.0,7.535339717282263,0.9246466028271774,1.0,Gator,Warehouse/storage,1475.2
Hog_assembly_Annemarie,17544,254,2016-01-01,2017-12-31 23:00:00,17544.0,98.55221158230734,0.014477884176926636,0.9998860009119928,Hog,Entertainment/public assembly,7472.9
Hog_assembly_Arlie,17544,0,2016-01-01,2017-12-31 23:00:00,17544.0,100.0,0.0,0.9998860009119928,Hog,Entertainment/public assembly,11058.2
Hog_assembly_Colette,17544,17544,2016-01-01,2017-12-31 23:00:00,17544.0,0.0,1.0,0.9998860009119928,Hog,Entertainment/public assembly,21783.5
Hog_assembly_Dona,17544,17544,2016-01-01,2017-12-31 23:00:00,17544.0,0.0,1.0,0.9998860009119928,Hog,Entertainment/public assembly,15501.4
Hog_assembly_Edward,17544,6268,2016-01-01,2017-12-31 23:00:00,17544.0,64.27268581851345,0.35727314181486547,0.9998860009119928,Hog,Entertainment/public assembly,1807.3
Hog_assembly_Jasmine,17544,17544,2016-01-01,2017-12-31 23:00:00,17544.0,0.0,1.0,0.9998860009119928,Hog,Entertainment/public assembly,5314.1
Hog_assembly_Letha,17544,17175,2016-01-01,2017-12-31 23:00:00,17544.0,2.1032831737346047,0.978967168262654,0.9998860009119928,Hog,Entertainment/public assembly,50664.7
Hog_assembly_Maribel,17544,17541,2016-01-01,2017-12-31 23:00:00,17544.0,0.017099863201097687,0.999829001367989,0.9998860009119928,Hog,Entertainment/public assembly,13306.3
Hog_assembly_Marilynn,17544,0,2016-01-01,2017-12-31 23:00:00,17544.0,100.0,0.0,0.9998860009119928,Hog,Entertainment/public assembly,756.4
Hog_assembly_Pedro,17544,17541,2016-01-01,2017-12-31 23:00:00,17544.0,0.017099863201097687,0.999829001367989,0.9998860009119928,Hog,Entertainment/public assembly,24942.6
Hog_assembly_Una,17544,0,2016-01-01,2017-12-31 23:00:00,17544.0,100.0,0.0,0.9998860009119928,Hog,Entertainment/public assembly,8872.2
Hog_education_Beth,17544,17537,2016-01-01,2017-12-31 23:00:00,17544.0,0.03989968080255757,0.9996010031919744,0.9998860009119928,Hog,Education,13254.7
Hog_education_Bruno,17544,17542,2016-01-01,2017-12-31 23:00:00,17544.0,0.01139990880072439,0.9998860009119928,0.9998860009119928,Hog,Education,13972.0
Hog_education_Caridad,17544,17471,2016-01-01,2017-12-31 23:00:00,17544.0,0.41609667122662897,0.9958390332877337,0.9998860009119928,Hog,Education,24153.8
Hog_education_Casandra,17544,17544,2016-01-01,2017-12-31 23:00:00,17544.0,0.0,1.0,0.9998860009119928,Hog,Education,26033.7
Hog_education_Cathleen,17544,12368,2016-01-01,2017-12-31 23:00:00,17544.0,29.50296397628819,0.7049703602371181,0.9998860009119928,Hog,Education,14440.7
Hog_education_Darryl,17544,6655,2016-01-01,2017-12-31 23:00:00,17544.0,62.06680346557227,0.37933196534427727,0.9998860009119928,Hog,Education,994.3
Hog_education_Donnie,17544,17544,2016-01-01,2017-12-31 23:00:00,17544.0,0.0,1.0,0.9998860009119928,Hog,Education,6837.4
Hog_education_George,17544,17504,2016-01-01,2017-12-31 23:00:00,17544.0,0.22799817601458772,0.9977200182398541,0.9998860009119928,Hog,Education,6719.9
Hog_education_Hallie,17544,17542,2016-01-01,2017-12-31 23:00:00,17544.0,0.01139990880072439,0.9998860009119928,0.9998860009119928,Hog,Education,2996.7
Hog_education_Haywood,17544,17406,2016-01-01,2017-12-31 23:00:00,17544.0,0.7865937072503382,0.9921340629274966,0.9998860009119928,Hog,Education,3447.4
Hog_education_Janell,17544,17528,2016-01-01,2017-12-31 23:00:00,17544.0,0.09119927040583953,0.9990880072959416,0.9998860009119928,Hog,Education,26718.3
Hog_education_Jared,17544,17409,2016-01-01,2017-12-31 23:00:00,17544.0,0.7694938440492516,0.9923050615595075,0.9998860009119928,Hog,Education,1317.8
Hog_education_Jewel,17544,17544,2016-01-01,2017-12-31 23:00:00,17544.0,0.0,1.0,0.9998860009119928,Hog,Education,7912.0
Hog_education_Jordan,17544,17544,2016-01-01,2017-12-31 23:00:00,17544.0,0.0,1.0,0.9998860009119928,Hog,Education,12362.8
Hog_education_Josh,17544,15149,2016-01-01,2017-12-31 23:00:00,17544.0,13.651390788873686,0.8634860921112631,0.9998860009119928,Hog,Education,5630.5
Hog_education_Leandro,17544,17498,2016-01-01,2017-12-31 23:00:00,17544.0,0.2621979024167831,0.9973780209758322,0.9998860009119928,Hog,Education,19241.6
Hog_education_Luvenia,17544,17450,2016-01-01,2017-12-31 23:00:00,17544.0,0.5357957136342906,0.9946420428636571,0.9998860009119928,Hog,Education,17851.5
Hog_education_Madge,17544,17544,2016-01-01,2017-12-31 23:00:00,17544.0,0.0,1.0,0.9998860009119928,Hog,Education,6786.0
Hog_education_Odell,17544,17516,2016-01-01,2017-12-31 23:00:00,17544.0,0.15959872321021917,0.9984040127678978,0.9998860009119928,Hog,Education,14537.7
Hog_education_Rachael,17544,17544,2016-01-01,2017-12-31 23:00:00,17544.0,0.0,1.0,0.9998860009119928,Hog,Education,3715.0
Hog_education_Robert,17544,17540,2016-01-01,2017-12-31 23:00:00,17544.0,0.022799817601459882,0.9997720018239854,0.9998860009119928,Hog,Education,30925.9
Hog_education_Roberto,17544,17542,2016-01-01,2017-12-31 23:00:00,17544.0,0.01139990880072439,0.9998860009119928,0.9998860009119928,Hog,Education,9365.8
Hog_education_Sonia,17544,17532,2016-01-01,2017-12-31 23:00:00,17544.0,0.06839945280437965,0.9993160054719562,0.9998860009119928,Hog,Education,17103.3
Hog_education_Wayne,17544,17535,2016-01-01,2017-12-31 23:00:00,17544.0,0.05129958960328196,0.9994870041039672,0.9998860009119928,Hog,Education,7964.8
Hog_food_Morgan,17544,17544,2016-01-01,2017-12-31 23:00:00,17544.0,0.0,1.0,0.9998860009119928,Hog,Food sales and service,3085.8
Hog_health_Hisako,17544,17536,2016-01-01,2017-12-31 23:00:00,17544.0,0.045599635202919764,0.9995440036479708,0.9998860009119928,Hog,Healthcare,11295.6
Hog_health_Jenny,17544,17526,2016-01-01,2017-12-31 23:00:00,17544.0,0.10259917920656392,0.9989740082079344,0.9998860009119928,Hog,Healthcare,6916.0
Hog_health_Kesha,17544,17529,2016-01-01,2017-12-31 23:00:00,17544.0,0.08549931600547733,0.9991450068399452,0.9998860009119928,Hog,Healthcare,10757.1
Hog_industrial_Jay,17544,17540,2016-01-01,2017-12-31 23:00:00,17544.0,0.022799817601459882,0.9997720018239854,0.9998860009119928,Hog,Manufacturing/industrial,5931.6
Hog_industrial_Jeremy,17544,17544,2016-01-01,2017-12-31 23:00:00,17544.0,0.0,1.0,0.9998860009119928,Hog,Manufacturing/industrial,1216.2
Hog_industrial_Joanne,17544,17544,2016-01-01,2017-12-31 23:00:00,17544.0,0.0,1.0,0.9998860009119928,Hog,Manufacturing/industrial,5281.6
Hog_industrial_Mariah,17544,17544,2016-01-01,2017-12-31 23:00:00,17544.0,0.0,1.0,0.9998860009119928,Hog,Manufacturing/industrial,1065.6
Hog_industrial_Quentin,17544,17544,2016-01-01,2017-12-31 23:00:00,17544.0,0.0,1.0,0.9998860009119928,Hog,Manufacturing/industrial,7559.7
Hog_lodging_Brian,17544,17543,2016-01-01,2017-12-31 23:00:00,17544.0,0.005699954400362195,0.9999430004559964,0.9998860009119928,Hog,Lodging/residential,12876.5
Hog_lodging_Celeste,17544,17542,2016-01-01,2017-12-31 23:00:00,17544.0,0.01139990880072439,0.9998860009119928,0.9998860009119928,Hog,Lodging/residential,10874.7
Hog_lodging_Edgar,17544,15060,2016-01-01,2017-12-31 23:00:00,17544.0,14.158686730506155,0.8584131326949385,0.9998860009119928,Hog,Lodging/residential,16494.9
Hog_lodging_Francisco,17544,17544,2016-01-01,2017-12-31 23:00:00,17544.0,0.0,1.0,0.9998860009119928,Hog,Lodging/residential,14592.3
Hog_lodging_Hal,17544,17544,2016-01-01,2017-12-31 23:00:00,17544.0,0.0,1.0,0.9998860009119928,Hog,Lodging/residential,14241.9
Hog_lodging_Mauricio,17544,17542,2016-01-01,2017-12-31 23:00:00,17544.0,0.01139990880072439,0.9998860009119928,0.9998860009119928,Hog,Lodging/residential,16251.0
Hog_lodging_Nikki,17544,17544,2016-01-01,2017-12-31 23:00:00,17544.0,0.0,1.0,0.9998860009119928,Hog,Lodging/residential,6929.1
Hog_lodging_Ora,17544,17544,2016-01-01,2017-12-31 23:00:00,17544.0,0.0,1.0,0.9998860009119928,Hog,Lodging/residential,21678.1
Hog_lodging_Retha,17544,17241,2016-01-01,2017-12-31 23:00:00,17544.0,1.7270861833105333,0.9827291381668947,0.9998860009119928,Hog,Lodging/residential,17389.0
Hog_lodging_Shanti,17544,17544,2016-01-01,2017-12-31 23:00:00,17544.0,0.0,1.0,0.9998860009119928,Hog,Lodging/residential,24355.1
Hog_lodging_Shonda,17544,17543,2016-01-01,2017-12-31 23:00:00,17544.0,0.005699954400362195,0.9999430004559964,0.9998860009119928,Hog,Lodging/residential,21437.1
Hog_office_Alexis,17544,17542,2016-01-01,2017-12-31 23:00:00,17544.0,0.01139990880072439,0.9998860009119928,0.9998860009119928,Hog,Office,2693.4
Hog_office_Alisha,17544,12541,2016-01-01,2017-12-31 23:00:00,17544.0,28.516871865025085,0.7148312813497492,0.9998860009119928,Hog,Office,3103.1
Hog_office_Almeda,17544,17544,2016-01-01,2017-12-31 23:00:00,17544.0,0.0,1.0,0.9998860009119928,Hog,Office,6683.1
Hog_office_Bessie,17544,17544,2016-01-01,2017-12-31 23:00:00,17544.0,0.0,1.0,0.9998860009119928,Hog,Office,8975.5
Hog_office_Betsy,17544,17544,2016-01-01,2017-12-31 23:00:00,17544.0,0.0,1.0,0.9998860009119928,Hog,Office,23175.3
Hog_office_Bill,17544,17544,2016-01-01,2017-12-31 23:00:00,17544.0,0.0,1.0,0.9998860009119928,Hog,Office,13375.5
Hog_office_Bryan,17544,8673,2016-01-01,2017-12-31 23:00:00,17544.0,50.564295485636116,0.4943570451436389,0.9998860009119928,Hog,Office,9655.0
Hog_office_Buford,17544,17377,2016-01-01,2017-12-31 23:00:00,17544.0,0.9518923848609195,0.9904810761513908,0.9998860009119928,Hog,Office,2521.9
Hog_office_Byron,17544,17423,2016-01-01,2017-12-31 23:00:00,17544.0,0.6896944824441364,0.9931030551755586,0.9998860009119928,Hog,Office,80038.2
Hog_office_Candi,17544,17513,2016-01-01,2017-12-31 23:00:00,17544.0,0.17669858641130576,0.9982330141358869,0.9998860009119928,Hog,Office,18156.7
Hog_office_Carri,17544,17471,2016-01-01,2017-12-31 23:00:00,17544.0,0.41609667122662897,0.9958390332877337,0.9998860009119928,Hog,Office,2365.6
Hog_office_Catalina,17544,17410,2016-01-01,2017-12-31 23:00:00,17544.0,0.7637938896488783,0.9923620611035112,0.9998860009119928,Hog,Office,4900.4
Hog_office_Catharine,17544,17086,2016-01-01,2017-12-31 23:00:00,17544.0,2.610579115367073,0.9738942088463293,0.9998860009119928,Hog,Office,11042.3
Hog_office_Charla,17544,17542,2016-01-01,2017-12-31 23:00:00,17544.0,0.01139990880072439,0.9998860009119928,0.9998860009119928,Hog,Office,9493.9
Hog_office_Clemencia,17544,17283,2016-01-01,2017-12-31 23:00:00,17544.0,1.48768809849521,0.9851231190150479,0.9998860009119928,Hog,Office,5453.7
Hog_office_Concetta,17544,10140,2016-01-01,2017-12-31 23:00:00,17544.0,42.20246238030095,0.5779753761969906,0.9998860009119928,Hog,Office,2699.9
Hog_office_Cordelia,17544,17543,2016-01-01,2017-12-31 23:00:00,17544.0,0.005699954400362195,0.9999430004559964,0.9998860009119928,Hog,Office,4420.1
Hog_office_Corey,17544,17432,2016-01-01,2017-12-31 23:00:00,17544.0,0.6383948928408545,0.9936160510715915,0.9998860009119928,Hog,Office,12033.9
Hog_office_Corie,17544,17542,2016-01-01,2017-12-31 23:00:00,17544.0,0.01139990880072439,0.9998860009119928,0.9998860009119928,Hog,Office,11102.7
Hog_office_Cornell,17544,17397,2016-01-01,2017-12-31 23:00:00,17544.0,0.8378932968536201,0.9916210670314638,0.9998860009119928,Hog,Office,62385.0
Hog_office_Cortney,17544,15413,2016-01-01,2017-12-31 23:00:00,17544.0,12.146602827177377,0.8785339717282262,0.9998860009119928,Hog,Office,9895.2
Hog_office_Darline,17544,17402,2016-01-01,2017-12-31 23:00:00,17544.0,0.809393524851798,0.991906064751482,0.9998860009119928,Hog,Office,1561.2
Hog_office_Denita,17544,17544,2016-01-01,2017-12-31 23:00:00,17544.0,0.0,1.0,0.9998860009119928,Hog,Office,8824.7
Hog_office_Elizbeth,17544,17522,2016-01-01,2017-12-31 23:00:00,17544.0,0.1253989968080238,0.9987460100319198,0.9998860009119928,Hog,Office,8593.5
Hog_office_Elke,17544,17532,2016-01-01,2017-12-31 23:00:00,17544.0,0.06839945280437965,0.9993160054719562,0.9998860009119928,Hog,Office,9635.7
Hog_office_Elnora,17544,17543,2016-01-01,2017-12-31 23:00:00,17544.0,0.005699954400362195,0.9999430004559964,0.9998860009119928,Hog,Office,9770.3
Hog_office_Eloise,17544,17543,2016-01-01,2017-12-31 23:00:00,17544.0,0.005699954400362195,0.9999430004559964,0.9998860009119928,Hog,Office,11419.8
Hog_office_Elsy,17544,17536,2016-01-01,2017-12-31 23:00:00,17544.0,0.045599635202919764,0.9995440036479708,0.9998860009119928,Hog,Office,3698.2
Hog_office_Emmanuel,17544,17411,2016-01-01,2017-12-31 23:00:00,17544.0,0.7580939352485161,0.9924190606475148,0.9998860009119928,Hog,Office,1899.3
Hog_office_Garrett,17544,17369,2016-01-01,2017-12-31 23:00:00,17544.0,0.9974920200638393,0.9900250797993616,0.9998860009119928,Hog,Office,28339.8
Hog_office_Guadalupe,17544,17543,2016-01-01,2017-12-31 23:00:00,17544.0,0.005699954400362195,0.9999430004559964,0.9998860009119928,Hog,Office,6778.0
Hog_office_Gustavo,17544,17544,2016-01-01,2017-12-31 23:00:00,17544.0,0.0,1.0,0.9998860009119928,Hog,Office,6582.4
Hog_office_Joey,17544,17542,2016-01-01,2017-12-31 23:00:00,17544.0,0.01139990880072439,0.9998860009119928,0.9998860009119928,Hog,Office,31275.8
Hog_office_Josefina,17544,17543,2016-01-01,2017-12-31 23:00:00,17544.0,0.005699954400362195,0.9999430004559964,0.9998860009119928,Hog,Office,14636.4
Hog_office_Judith,17544,3153,2016-01-01,2017-12-31 23:00:00,17544.0,82.02804377564979,0.17971956224350205,0.9998860009119928,Hog,Office,18626.2
Hog_office_Lanell,17544,17542,2016-01-01,2017-12-31 23:00:00,17544.0,0.01139990880072439,0.9998860009119928,0.9998860009119928,Hog,Office,14209.1
Hog_office_Lavon,17544,17544,2016-01-01,2017-12-31 23:00:00,17544.0,0.0,1.0,0.9998860009119928,Hog,Office,1530.3
Hog_office_Leanne,17544,17542,2016-01-01,2017-12-31 23:00:00,17544.0,0.01139990880072439,0.9998860009119928,0.9998860009119928,Hog,Office,7646.1
Hog_office_Leon,17544,17543,2016-01-01,2017-12-31 23:00:00,17544.0,0.005699954400362195,0.9999430004559964,0.9998860009119928,Hog,Office,1938.3
Hog_office_Lizzie,17544,17544,2016-01-01,2017-12-31 23:00:00,17544.0,0.0,1.0,0.9998860009119928,Hog,Office,10351.6
Hog_office_Mack,17544,17404,2016-01-01,2017-12-31 23:00:00,17544.0,0.7979936160510737,0.9920200638394893,0.9998860009119928,Hog,Office,5332.1
Hog_office_Man,17544,17541,2016-01-01,2017-12-31 23:00:00,17544.0,0.017099863201097687,0.999829001367989,0.9998860009119928,Hog,Office,8099.9
Hog_office_Mari,17544,17543,2016-01-01,2017-12-31 23:00:00,17544.0,0.005699954400362195,0.9999430004559964,0.9998860009119928,Hog,Office,6302.4
Hog_office_Marilyn,17544,17407,2016-01-01,2017-12-31 23:00:00,17544.0,0.780893752849976,0.9921910624715002,0.9998860009119928,Hog,Office,5525.5
Hog_office_Marlena,17544,17417,2016-01-01,2017-12-31 23:00:00,17544.0,0.7238942088463318,0.9927610579115367,0.9998860009119928,Hog,Office,12239.5
Hog_office_Marlene,17544,17407,2016-01-01,2017-12-31 23:00:00,17544.0,0.780893752849976,0.9921910624715002,0.9998860009119928,Hog,Office,7451.3
Hog_office_Mary,17544,17544,2016-01-01,2017-12-31 23:00:00,17544.0,0.0,1.0,0.9998860009119928,Hog,Office,4931.0
Hog_office_Merilyn,17544,17544,2016-01-01,2017-12-31 23:00:00,17544.0,0.0,1.0,0.9998860009119928,Hog,Office,3446.3
Hog_office_Migdalia,17544,17543,2016-01-01,2017-12-31 23:00:00,17544.0,0.005699954400362195,0.9999430004559964,0.9998860009119928,Hog,Office,6754.9
Hog_office_Mike,17544,17544,2016-01-01,2017-12-31 23:00:00,17544.0,0.0,1.0,0.9998860009119928,Hog,Office,5924.5
Hog_office_Miriam,17544,17544,2016-01-01,2017-12-31 23:00:00,17544.0,0.0,1.0,0.9998860009119928,Hog,Office,1418.5
Hog_office_Myles,17544,17544,2016-01-01,2017-12-31 23:00:00,17544.0,0.0,1.0,0.9998860009119928,Hog,Office,7412.0
Hog_office_Nancie,17544,17534,2016-01-01,2017-12-31 23:00:00,17544.0,0.056999544003644154,0.9994300045599636,0.9998860009119928,Hog,Office,8348.1
Hog_office_Napoleon,17544,17544,2016-01-01,2017-12-31 23:00:00,17544.0,0.0,1.0,0.9998860009119928,Hog,Office,12365.4
Hog_office_Nia,17544,17288,2016-01-01,2017-12-31 23:00:00,17544.0,1.459188326493388,0.9854081167350661,0.9998860009119928,Hog,Office,53614.4
Hog_office_Patrick,17544,17537,2016-01-01,2017-12-31 23:00:00,17544.0,0.03989968080255757,0.9996010031919744,0.9998860009119928,Hog,Office,964.8
Hog_office_Randi,17544,17541,2016-01-01,2017-12-31 23:00:00,17544.0,0.017099863201097687,0.999829001367989,0.9998860009119928,Hog,Office,8556.3
Hog_office_Richelle,17544,17543,2016-01-01,2017-12-31 23:00:00,17544.0,0.005699954400362195,0.9999430004559964,0.9998860009119928,Hog,Office,9285.3
Hog_office_Roger,17544,17502,2016-01-01,2017-12-31 23:00:00,17544.0,0.2393980848153232,0.9976060191518468,0.9998860009119928,Hog,Office,9124.2
Hog_office_Rolando,17544,17543,2016-01-01,2017-12-31 23:00:00,17544.0,0.005699954400362195,0.9999430004559964,0.9998860009119928,Hog,Office,18033.5
Hog_office_Sarah,17544,17541,2016-01-01,2017-12-31 23:00:00,17544.0,0.017099863201097687,0.999829001367989,0.9998860009119928,Hog,Office,14150.2
Hog_office_Shawna,17544,17544,2016-01-01,2017-12-31 23:00:00,17544.0,0.0,1.0,0.9998860009119928,Hog,Office,18213.0
Hog_office_Shawnna,17544,17544,2016-01-01,2017-12-31 23:00:00,17544.0,0.0,1.0,0.9998860009119928,Hog,Office,27312.6
Hog_office_Sherrie,17544,17544,2016-01-01,2017-12-31 23:00:00,17544.0,0.0,1.0,0.9998860009119928,Hog,Office,8639.4
Hog_office_Shon,17544,17544,2016-01-01,2017-12-31 23:00:00,17544.0,0.0,1.0,0.9998860009119928,Hog,Office,7837.8
Hog_office_Simon,17544,17542,2016-01-01,2017-12-31 23:00:00,17544.0,0.01139990880072439,0.9998860009119928,0.9998860009119928,Hog,Office,2550.4
Hog_office_Sonny,17544,17414,2016-01-01,2017-12-31 23:00:00,17544.0,0.7409940720474184,0.9925900592795258,0.9998860009119928,Hog,Office,5837.7
Hog_office_Sung,17544,17301,2016-01-01,2017-12-31 23:00:00,17544.0,1.3850889192886462,0.9861491108071135,0.9998860009119928,Hog,Office,3328.6
Hog_office_Sydney,17544,17544,2016-01-01,2017-12-31 23:00:00,17544.0,0.0,1.0,0.9998860009119928,Hog,Office,8094.7
Hog_office_Terry,17544,17534,2016-01-01,2017-12-31 23:00:00,17544.0,0.056999544003644154,0.9994300045599636,0.9998860009119928,Hog,Office,24854.9
Hog_office_Thomas,17544,16556,2016-01-01,2017-12-31 23:00:00,17544.0,5.631554947560424,0.9436844505243958,0.9998860009119928,Hog,Office,2092.9
Hog_office_Valda,17544,17544,2016-01-01,2017-12-31 23:00:00,17544.0,0.0,1.0,0.9998860009119928,Hog,Office,5255.4
Hog_office_Vera,17544,17543,2016-01-01,2017-12-31 23:00:00,17544.0,0.005699954400362195,0.9999430004559964,0.9998860009119928,Hog,Office,8483.5
Hog_other_Lynette,17544,17525,2016-01-01,2017-12-31 23:00:00,17544.0,0.10829913360692611,0.9989170086639307,0.9998860009119928,Hog,Other,6021.0
Hog_other_Noma,17544,17544,2016-01-01,2017-12-31 23:00:00,17544.0,0.0,1.0,0.9998860009119928,Hog,Other,2568.6
Hog_other_Tobias,17544,17544,2016-01-01,2017-12-31 23:00:00,17544.0,0.0,1.0,0.9998860009119928,Hog,Other,2220.7
Hog_parking_Antoinette,17544,17543,2016-01-01,2017-12-31 23:00:00,17544.0,0.005699954400362195,0.9999430004559964,0.9998860009119928,Hog,Parking,1949.7
Hog_parking_Bernardo,17544,17542,2016-01-01,2017-12-31 23:00:00,17544.0,0.01139990880072439,0.9998860009119928,0.9998860009119928,Hog,Parking,7796.3
Hog_parking_Cliff,17544,17505,2016-01-01,2017-12-31 23:00:00,17544.0,0.22229822161422552,0.9977770177838577,0.9998860009119928,Hog,Parking,9320.8
Hog_parking_Jean,17544,17544,2016-01-01,2017-12-31 23:00:00,17544.0,0.0,1.0,0.9998860009119928,Hog,Parking,16561.8
Hog_parking_Jeana,17544,17407,2016-01-01,2017-12-31 23:00:00,17544.0,0.780893752849976,0.9921910624715002,0.9998860009119928,Hog,Parking,7782.7
Hog_parking_Joan,17544,2,2016-01-01,2017-12-31 23:00:00,17544.0,99.98860009119927,0.0001139990880072439,0.9998860009119928,Hog,Parking,49007.2
Hog_parking_Marcus,17544,17506,2016-01-01,2017-12-31 23:00:00,17544.0,0.21659826721386333,0.9978340173278614,0.9998860009119928,Hog,Parking,25222.4
Hog_parking_Shannon,17544,17544,2016-01-01,2017-12-31 23:00:00,17544.0,0.0,1.0,0.9998860009119928,Hog,Parking,63138.2
Hog_public_Brad,17544,17534,2016-01-01,2017-12-31 23:00:00,17544.0,0.056999544003644154,0.9994300045599636,0.9998860009119928,Hog,Public services,22066.1
Hog_public_Crystal,17544,17544,2016-01-01,2017-12-31 23:00:00,17544.0,0.0,1.0,0.9998860009119928,Hog,Public services,27388.9
Hog_public_Gerard,17544,17544,2016-01-01,2017-12-31 23:00:00,17544.0,0.0,1.0,0.9998860009119928,Hog,Public services,7725.3
Hog_public_Kevin,17544,17544,2016-01-01,2017-12-31 23:00:00,17544.0,0.0,1.0,0.9998860009119928,Hog,Public services,35416.6
Hog_public_Octavia,17544,17544,2016-01-01,2017-12-31 23:00:00,17544.0,0.0,1.0,0.9998860009119928,Hog,Public services,18554.8
Hog_science_Max,17544,17072,2016-01-01,2017-12-31 23:00:00,17544.0,2.6903784769721883,0.9730962152302781,0.9998860009119928,Hog,Technology/science,8310.7
Hog_services_Adrianna,17544,17544,2016-01-01,2017-12-31 23:00:00,17544.0,0.0,1.0,0.9998860009119928,Hog,Services,4696.4
Hog_services_Joe,17544,17525,2016-01-01,2017-12-31 23:00:00,17544.0,0.10829913360692611,0.9989170086639307,0.9998860009119928,Hog,Services,3904.5
Hog_services_Kerrie,17544,17544,2016-01-01,2017-12-31 23:00:00,17544.0,0.0,1.0,0.9998860009119928,Hog,Services,2501.5
Hog_services_Marshall,17544,17515,2016-01-01,2017-12-31 23:00:00,17544.0,0.16529867761058137,0.9983470132238942,0.9998860009119928,Hog,Services,6506.9
Hog_warehouse_Louise,17544,17543,2016-01-01,2017-12-31 23:00:00,17544.0,0.005699954400362195,0.9999430004559964,0.9998860009119928,Hog,Warehouse/storage,6185.9
Hog_warehouse_Porsha,17544,17541,2016-01-01,2017-12-31 23:00:00,17544.0,0.017099863201097687,0.999829001367989,0.9998860009119928,Hog,Warehouse/storage,3666.3
Hog_warehouse_Rosanna,17544,17399,2016-01-01,2017-12-31 23:00:00,17544.0,0.8264933880528957,0.991735066119471,0.9998860009119928,Hog,Warehouse/storage,981.0
Lamb_assembly_Alden,17544,17452,2016-01-01,2017-12-31 23:00:00,17544.0,0.5243958048335662,0.9947560419516643,0.9974920200638395,Lamb,Entertainment/public assembly,811.0
Lamb_assembly_Bertie,17544,17526,2016-01-01,2017-12-31 23:00:00,17544.0,0.10259917920656392,0.9989740082079344,0.9974920200638395,Lamb,Entertainment/public assembly,13908.0
Lamb_assembly_Cesar,17544,17498,2016-01-01,2017-12-31 23:00:00,17544.0,0.2621979024167831,0.9973780209758322,0.9974920200638395,Lamb,Entertainment/public assembly,1422.0
Lamb_assembly_Cherie,17544,17544,2016-01-01,2017-12-31 23:00:00,17544.0,0.0,1.0,0.9974920200638395,Lamb,Entertainment/public assembly,4392.0
Lamb_assembly_Corliss,17544,17498,2016-01-01,2017-12-31 23:00:00,17544.0,0.2621979024167831,0.9973780209758322,0.9974920200638395,Lamb,Entertainment/public assembly,2887.0
Lamb_assembly_Delilah,17544,17498,2016-01-01,2017-12-31 23:00:00,17544.0,0.2621979024167831,0.9973780209758322,0.9974920200638395,Lamb,Entertainment/public assembly,2887.0
Lamb_assembly_Dillon,17544,17542,2016-01-01,2017-12-31 23:00:00,17544.0,0.01139990880072439,0.9998860009119928,0.9974920200638395,Lamb,Entertainment/public assembly,5313.0
Lamb_assembly_Dorathy,17544,17472,2016-01-01,2017-12-31 23:00:00,17544.0,0.41039671682626677,0.9958960328317373,0.9974920200638395,Lamb,Entertainment/public assembly,815.0
Lamb_assembly_Dorothy,17544,17544,2016-01-01,2017-12-31 23:00:00,17544.0,0.0,1.0,0.9974920200638395,Lamb,Entertainment/public assembly,5960.0
Lamb_assembly_Dudley,17544,10012,2016-01-01,2017-12-31 23:00:00,17544.0,42.932056543547645,0.5706794345645235,0.9974920200638395,Lamb,Entertainment/public assembly,2588.0
Lamb_assembly_Elinor,17544,17544,2016-01-01,2017-12-31 23:00:00,17544.0,0.0,1.0,0.9974920200638395,Lamb,Entertainment/public assembly,4598.0
Lamb_assembly_Ethel,17544,9331,2016-01-01,2017-12-31 23:00:00,17544.0,46.81372549019608,0.5318627450980392,0.9974920200638395,Lamb,Entertainment/public assembly,3854.0
Lamb_assembly_Eugenia,17544,11429,2016-01-01,2017-12-31 23:00:00,17544.0,34.855221158230734,0.6514477884176927,0.9974920200638395,Lamb,Entertainment/public assembly,1187.0
Lamb_assembly_Isa,17544,17454,2016-01-01,2017-12-31 23:00:00,17544.0,0.5129958960328307,0.9948700410396717,0.9974920200638395,Lamb,Entertainment/public assembly,690.0
Lamb_assembly_Jerry,17544,15222,2016-01-01,2017-12-31 23:00:00,17544.0,13.235294117647056,0.8676470588235294,0.9974920200638395,Lamb,Entertainment/public assembly,1037.0
Lamb_assembly_Katelyn,17544,17544,2016-01-01,2017-12-31 23:00:00,17544.0,0.0,1.0,0.9974920200638395,Lamb,Entertainment/public assembly,4519.0
Lamb_assembly_Kurt,17544,15281,2016-01-01,2017-12-31 23:00:00,17544.0,12.898996808025531,0.8710100319197447,0.9974920200638395,Lamb,Entertainment/public assembly,683.0
Lamb_assembly_Librada,17544,17544,2016-01-01,2017-12-31 23:00:00,17544.0,0.0,1.0,0.9974920200638395,Lamb,Entertainment/public assembly,2957.0
Lamb_assembly_Louis,17544,16967,2016-01-01,2017-12-31 23:00:00,17544.0,3.2888736890104853,0.9671112631098951,0.9974920200638395,Lamb,Entertainment/public assembly,3373.0
Lamb_assembly_Nicole,17544,14727,2016-01-01,2017-12-31 23:00:00,17544.0,16.05677154582763,0.8394322845417237,0.9974920200638395,Lamb,Entertainment/public assembly,642.0
Lamb_assembly_Ossie,17544,17496,2016-01-01,2017-12-31 23:00:00,17544.0,0.2735978112175075,0.9972640218878249,0.9974920200638395,Lamb,Entertainment/public assembly,1119.0
Lamb_assembly_Queen,17544,11525,2016-01-01,2017-12-31 23:00:00,17544.0,34.308025535795714,0.6569197446420428,0.9974920200638395,Lamb,Entertainment/public assembly,522.0
Lamb_assembly_Rosa,17544,17544,2016-01-01,2017-12-31 23:00:00,17544.0,0.0,1.0,0.9974920200638395,Lamb,Entertainment/public assembly,1132.0
Lamb_assembly_Steven,17544,17521,2016-01-01,2017-12-31 23:00:00,17544.0,0.131098951208386,0.9986890104879161,0.9974920200638395,Lamb,Entertainment/public assembly,506.0
Lamb_assembly_Tasha,17544,17521,2016-01-01,2017-12-31 23:00:00,17544.0,0.131098951208386,0.9986890104879161,0.9974920200638395,Lamb,Entertainment/public assembly,443.0
Lamb_assembly_Tawana,17544,16446,2016-01-01,2017-12-31 23:00:00,17544.0,6.258549931600543,0.9374145006839946,0.9974920200638395,Lamb,Entertainment/public assembly,882.0
Lamb_assembly_Theresa,17544,16442,2016-01-01,2017-12-31 23:00:00,17544.0,6.281349749202003,0.93718650250798,0.9974920200638395,Lamb,Entertainment/public assembly,990.0
Lamb_assembly_Walter,17544,17493,2016-01-01,2017-12-31 23:00:00,17544.0,0.29069767441860517,0.997093023255814,0.9974920200638395,Lamb,Entertainment/public assembly,1460.0
Lamb_assembly_Zita,17544,11436,2016-01-01,2017-12-31 23:00:00,17544.0,34.815321477428185,0.6518467852257182,0.9974920200638395,Lamb,Entertainment/public assembly,642.0
Lamb_education_Aldo,17544,13985,2016-01-01,2017-12-31 23:00:00,17544.0,20.28613771089831,0.7971386228910169,0.9974920200638395,Lamb,Education,736.0
Lamb_education_Alina,17544,10092,2016-01-01,2017-12-31 23:00:00,17544.0,42.47606019151847,0.5752393980848153,0.9974920200638395,Lamb,Education,1877.0
Lamb_education_Antonio,17544,17529,2016-01-01,2017-12-31 23:00:00,17544.0,0.08549931600547733,0.9991450068399452,0.9974920200638395,Lamb,Education,9516.0
Lamb_education_Armando,17544,17544,2016-01-01,2017-12-31 23:00:00,17544.0,0.0,1.0,0.9974920200638395,Lamb,Education,11200.9
Lamb_education_Augustine,17544,17498,2016-01-01,2017-12-31 23:00:00,17544.0,0.2621979024167831,0.9973780209758322,0.9974920200638395,Lamb,Education,2939.0
Lamb_education_Bert,17544,16445,2016-01-01,2017-12-31 23:00:00,17544.0,6.264249886000917,0.9373575011399908,0.9974920200638395,Lamb,Education,2403.0
Lamb_education_Bettye,17544,17476,2016-01-01,2017-12-31 23:00:00,17544.0,0.3875968992248069,0.9961240310077519,0.9974920200638395,Lamb,Education,2692.0
Lamb_education_Camille,17544,10304,2016-01-01,2017-12-31 23:00:00,17544.0,41.267669858641135,0.5873233014135886,0.9974920200638395,Lamb,Education,6382.0
Lamb_education_Carlton,17544,16422,2016-01-01,2017-12-31 23:00:00,17544.0,6.395348837209303,0.936046511627907,0.9974920200638395,Lamb,Education,3323.0
Lamb_education_Chet,17544,16444,2016-01-01,2017-12-31 23:00:00,17544.0,6.269949840401279,0.9373005015959872,0.9974920200638395,Lamb,Education,1078.0
Lamb_education_Daniel,17544,17474,2016-01-01,2017-12-31 23:00:00,17544.0,0.3989968080255313,0.9960100319197447,0.9974920200638395,Lamb,Education,1432.0
Lamb_education_Darrel,17544,17529,2016-01-01,2017-12-31 23:00:00,17544.0,0.08549931600547733,0.9991450068399452,0.9974920200638395,Lamb,Education,11954.9
Lamb_education_Debby,17544,16446,2016-01-01,2017-12-31 23:00:00,17544.0,6.258549931600543,0.9374145006839946,0.9974920200638395,Lamb,Education,2961.0
Lamb_education_Dolly,17544,16419,2016-01-01,2017-12-31 23:00:00,17544.0,6.4124487004104,0.935875512995896,0.9974920200638395,Lamb,Education,2154.0
Lamb_education_Domitila,17544,17530,2016-01-01,2017-12-31 23:00:00,17544.0,0.07979936160510404,0.999202006383949,0.9974920200638395,Lamb,Education,12924.0
Lamb_education_Dwayne,17544,17498,2016-01-01,2017-12-31 23:00:00,17544.0,0.2621979024167831,0.9973780209758322,0.9974920200638395,Lamb,Education,1391.0
Lamb_education_Ellen,17544,16446,2016-01-01,2017-12-31 23:00:00,17544.0,6.258549931600543,0.9374145006839946,0.9974920200638395,Lamb,Education,2061.0
Lamb_education_Emery,17544,17529,2016-01-01,2017-12-31 23:00:00,17544.0,0.08549931600547733,0.9991450068399452,0.9974920200638395,Lamb,Education,10133.0
Lamb_education_Emilie,17544,16422,2016-01-01,2017-12-31 23:00:00,17544.0,6.395348837209303,0.936046511627907,0.9974920200638395,Lamb,Education,1303.0
Lamb_education_Eula,17544,17544,2016-01-01,2017-12-31 23:00:00,17544.0,0.0,1.0,0.9974920200638395,Lamb,Education,2927.0
Lamb_education_Faith,17544,16445,2016-01-01,2017-12-31 23:00:00,17544.0,6.264249886000917,0.9373575011399908,0.9974920200638395,Lamb,Education,1597.0
Lamb_education_Felicia,17544,16421,2016-01-01,2017-12-31 23:00:00,17544.0,6.401048791609664,0.9359895120839034,0.9974920200638395,Lamb,Education,2182.0
Lamb_education_Felipe,17544,16966,2016-01-01,2017-12-31 23:00:00,17544.0,3.2945736434108475,0.9670542635658915,0.9974920200638395,Lamb,Education,9005.0
Lamb_education_Fred,17544,16445,2016-01-01,2017-12-31 23:00:00,17544.0,6.264249886000917,0.9373575011399908,0.9974920200638395,Lamb,Education,2708.0
Lamb_education_Freddy,17544,17449,2016-01-01,2017-12-31 23:00:00,17544.0,0.5414956680346528,0.9945850433196535,0.9974920200638395,Lamb,Education,1205.0
Lamb_education_Gabriel,17544,17497,2016-01-01,2017-12-31 23:00:00,17544.0,0.2678978568171453,0.9973210214318285,0.9974920200638395,Lamb,Education,2193.0
Lamb_education_Gabrielle,17544,17544,2016-01-01,2017-12-31 23:00:00,17544.0,0.0,1.0,0.9974920200638395,Lamb,Education,2572.0
Lamb_education_Garry,17544,17498,2016-01-01,2017-12-31 23:00:00,17544.0,0.2621979024167831,0.9973780209758322,0.9974920200638395,Lamb,Education,3157.0
Lamb_education_Harold,17544,16709,2016-01-01,2017-12-31 23:00:00,17544.0,4.759461924304609,0.9524053807569539,0.9974920200638395,Lamb,Education,1188.0
Lamb_education_Heidi,17544,16423,2016-01-01,2017-12-31 23:00:00,17544.0,6.38964888280894,0.9361035111719106,0.9974920200638395,Lamb,Education,2164.0
Lamb_education_Hellen,17544,16444,2016-01-01,2017-12-31 23:00:00,17544.0,6.269949840401279,0.9373005015959872,0.9974920200638395,Lamb,Education,1123.0
Lamb_education_Hilary,17544,17497,2016-01-01,2017-12-31 23:00:00,17544.0,0.2678978568171453,0.9973210214318285,0.9974920200638395,Lamb,Education,1281.0
Lamb_education_Hillary,17544,16796,2016-01-01,2017-12-31 23:00:00,17544.0,4.263565891472865,0.9573643410852714,0.9974920200638395,Lamb,Education,2238.0
Lamb_education_Hubert,17544,17503,2016-01-01,2017-12-31 23:00:00,17544.0,0.23369813041496101,0.9976630186958504,0.9974920200638395,Lamb,Education,1047.0
Lamb_education_Hui,17544,17495,2016-01-01,2017-12-31 23:00:00,17544.0,0.2792977656178697,0.9972070223438213,0.9974920200638395,Lamb,Education,3462.0
Lamb_education_Ira,17544,15244,2016-01-01,2017-12-31 23:00:00,17544.0,13.109895120839033,0.8689010487916097,0.9974920200638395,Lamb,Education,1048.0
Lamb_education_Isabelle,17544,17498,2016-01-01,2017-12-31 23:00:00,17544.0,0.2621979024167831,0.9973780209758322,0.9974920200638395,Lamb,Education,2253.0
Lamb_education_Jane,17544,16422,2016-01-01,2017-12-31 23:00:00,17544.0,6.395348837209303,0.936046511627907,0.9974920200638395,Lamb,Education,2777.0
Lamb_education_Junior,17544,17512,2016-01-01,2017-12-31 23:00:00,17544.0,0.18239854081167906,0.9981760145918832,0.9974920200638395,Lamb,Education,11285.0
Lamb_education_Kasha,17544,16443,2016-01-01,2017-12-31 23:00:00,17544.0,6.275649794801641,0.9372435020519836,0.9974920200638395,Lamb,Education,2335.0
Lamb_education_Kayla,17544,16423,2016-01-01,2017-12-31 23:00:00,17544.0,6.38964888280894,0.9361035111719106,0.9974920200638395,Lamb,Education,2418.0
Lamb_education_Larissa,17544,17431,2016-01-01,2017-12-31 23:00:00,17544.0,0.6440948472412167,0.9935590515275878,0.9974920200638395,Lamb,Education,2555.0
Lamb_education_Lawrence,17544,17529,2016-01-01,2017-12-31 23:00:00,17544.0,0.08549931600547733,0.9991450068399452,0.9974920200638395,Lamb,Education,2143.0
Lamb_education_Lazaro,17544,17544,2016-01-01,2017-12-31 23:00:00,17544.0,0.0,1.0,0.9974920200638395,Lamb,Education,8866.0
Lamb_education_Lemuel,17544,16446,2016-01-01,2017-12-31 23:00:00,17544.0,6.258549931600543,0.9374145006839946,0.9974920200638395,Lamb,Education,1589.0
Lamb_education_Leopoldo,17544,16468,2016-01-01,2017-12-31 23:00:00,17544.0,6.1331509347925195,0.9386684906520748,0.9974920200638395,Lamb,Education,3984.0
Lamb_education_Logan,17544,15342,2016-01-01,2017-12-31 23:00:00,17544.0,12.551299589603282,0.8744870041039672,0.9974920200638395,Lamb,Education,2152.0
Lamb_education_Lucas,17544,17544,2016-01-01,2017-12-31 23:00:00,17544.0,0.0,1.0,0.9974920200638395,Lamb,Education,1737.0
Lamb_education_Luz,17544,17530,2016-01-01,2017-12-31 23:00:00,17544.0,0.07979936160510404,0.999202006383949,0.9974920200638395,Lamb,Education,14474.9
Lamb_education_Mae,17544,17544,2016-01-01,2017-12-31 23:00:00,17544.0,0.0,1.0,0.9974920200638395,Lamb,Education,11247.0
Lamb_education_Manuel,17544,17498,2016-01-01,2017-12-31 23:00:00,17544.0,0.2621979024167831,0.9973780209758322,0.9974920200638395,Lamb,Education,2844.0
Lamb_education_Marc,17544,14405,2016-01-01,2017-12-31 23:00:00,17544.0,17.8921568627451,0.821078431372549,0.9974920200638395,Lamb,Education,811.0
Lamb_education_Maritza,17544,16445,2016-01-01,2017-12-31 23:00:00,17544.0,6.264249886000917,0.9373575011399908,0.9974920200638395,Lamb,Education,2815.0
Lamb_education_Marty,17544,16439,2016-01-01,2017-12-31 23:00:00,17544.0,6.2984496124031,0.937015503875969,0.9974920200638395,Lamb,Education,1201.0
Lamb_education_Maxwell,17544,17498,2016-01-01,2017-12-31 23:00:00,17544.0,0.2621979024167831,0.9973780209758322,0.9974920200638395,Lamb,Education,2635.0
Lamb_education_Mckenzie,17544,17529,2016-01-01,2017-12-31 23:00:00,17544.0,0.08549931600547733,0.9991450068399452,0.9974920200638395,Lamb,Education,11710.0
Lamb_education_Moses,17544,16445,2016-01-01,2017-12-31 23:00:00,17544.0,6.264249886000917,0.9373575011399908,0.9974920200638395,Lamb,Education,1295.0
Lamb_education_Nathan,17544,16445,2016-01-01,2017-12-31 23:00:00,17544.0,6.264249886000917,0.9373575011399908,0.9974920200638395,Lamb,Education,2937.0
Lamb_education_Nichol,17544,16851,2016-01-01,2017-12-31 23:00:00,17544.0,3.9500683994527996,0.960499316005472,0.9974920200638395,Lamb,Education,4373.0
Lamb_education_Norris,17544,16468,2016-01-01,2017-12-31 23:00:00,17544.0,6.1331509347925195,0.9386684906520748,0.9974920200638395,Lamb,Education,3211.0
Lamb_education_Patsy,17544,17498,2016-01-01,2017-12-31 23:00:00,17544.0,0.2621979024167831,0.9973780209758322,0.9974920200638395,Lamb,Education,2991.0
Lamb_education_Phil,17544,16442,2016-01-01,2017-12-31 23:00:00,17544.0,6.281349749202003,0.93718650250798,0.9974920200638395,Lamb,Education,1014.0
Lamb_education_Philomena,17544,17518,2016-01-01,2017-12-31 23:00:00,17544.0,0.14819881440948368,0.9985180118559052,0.9974920200638395,Lamb,Education,12732.0
Lamb_education_Princess,17544,17470,2016-01-01,2017-12-31 23:00:00,17544.0,0.42179662562699116,0.9957820337437301,0.9974920200638395,Lamb,Education,1769.0
Lamb_education_Randal,17544,16445,2016-01-01,2017-12-31 23:00:00,17544.0,6.264249886000917,0.9373575011399908,0.9974920200638395,Lamb,Education,2678.0
Lamb_education_Renae,17544,2262,2016-01-01,2017-12-31 23:00:00,17544.0,87.10670314637483,0.1289329685362517,0.9974920200638395,Lamb,Education,6993.0
Lamb_education_Rick,17544,17498,2016-01-01,2017-12-31 23:00:00,17544.0,0.2621979024167831,0.9973780209758322,0.9974920200638395,Lamb,Education,1584.0
Lamb_education_Robin,17544,17528,2016-01-01,2017-12-31 23:00:00,17544.0,0.09119927040583953,0.9990880072959416,0.9974920200638395,Lamb,Education,8794.0
Lamb_education_Rodrigo,17544,17529,2016-01-01,2017-12-31 23:00:00,17544.0,0.08549931600547733,0.9991450068399452,0.9974920200638395,Lamb,Education,6149.0
Lamb_education_Ruben,17544,16446,2016-01-01,2017-12-31 23:00:00,17544.0,6.258549931600543,0.9374145006839946,0.9974920200638395,Lamb,Education,1578.0
Lamb_education_Sabrina,17544,16363,2016-01-01,2017-12-31 23:00:00,17544.0,6.731646146830828,0.9326835385316917,0.9974920200638395,Lamb,Education,1065.0
Lamb_education_Salvador,17544,16423,2016-01-01,2017-12-31 23:00:00,17544.0,6.38964888280894,0.9361035111719106,0.9974920200638395,Lamb,Education,2570.0
Lamb_education_Sara,17544,17544,2016-01-01,2017-12-31 23:00:00,17544.0,0.0,1.0,0.9974920200638395,Lamb,Education,8711.0
Lamb_education_Stefan,17544,17498,2016-01-01,2017-12-31 23:00:00,17544.0,0.2621979024167831,0.9973780209758322,0.9974920200638395,Lamb,Education,2151.0
Lamb_education_Sunny,17544,17468,2016-01-01,2017-12-31 23:00:00,17544.0,0.43319653442772665,0.9956680346557227,0.9974920200638395,Lamb,Education,1691.0
Lamb_education_Sylvester,17544,16435,2016-01-01,2017-12-31 23:00:00,17544.0,6.321249430004561,0.9367875056999544,0.9974920200638395,Lamb,Education,2132.0
Lamb_education_Terina,17544,17519,2016-01-01,2017-12-31 23:00:00,17544.0,0.1424988600091215,0.9985750113999088,0.9974920200638395,Lamb,Education,14868.0
Lamb_education_Traci,17544,15010,2016-01-01,2017-12-31 23:00:00,17544.0,14.443684450524398,0.855563155494756,0.9974920200638395,Lamb,Education,1374.0
Lamb_education_Vaughn,17544,16468,2016-01-01,2017-12-31 23:00:00,17544.0,6.1331509347925195,0.9386684906520748,0.9974920200638395,Lamb,Education,2619.0
Lamb_education_Wanda,17544,16443,2016-01-01,2017-12-31 23:00:00,17544.0,6.275649794801641,0.9372435020519836,0.9974920200638395,Lamb,Education,1086.0
Lamb_education_Wilbert,17544,16446,2016-01-01,2017-12-31 23:00:00,17544.0,6.258549931600543,0.9374145006839946,0.9974920200638395,Lamb,Education,2215.0
Lamb_education_Willetta,17544,17544,2016-01-01,2017-12-31 23:00:00,17544.0,0.0,1.0,0.9974920200638395,Lamb,Education,3528.0
Lamb_education_Williams,17544,17529,2016-01-01,2017-12-31 23:00:00,17544.0,0.08549931600547733,0.9991450068399452,0.9974920200638395,Lamb,Education,8255.0
Lamb_food_Sylvia,17544,16468,2016-01-01,2017-12-31 23:00:00,17544.0,6.1331509347925195,0.9386684906520748,0.9974920200638395,Lamb,Food sales and service,3280.0
Lamb_health_Ken,17544,17544,2016-01-01,2017-12-31 23:00:00,17544.0,0.0,1.0,0.9974920200638395,Lamb,Healthcare,1716.0
Lamb_industrial_Carla,17544,17544,2016-01-01,2017-12-31 23:00:00,17544.0,0.0,1.0,0.9974920200638395,Lamb,Manufacturing/industrial,8426.0
Lamb_industrial_Enrique,17544,17544,2016-01-01,2017-12-31 23:00:00,17544.0,0.0,1.0,0.9974920200638395,Lamb,Manufacturing/industrial,358.0
Lamb_industrial_Venessa,17544,17499,2016-01-01,2017-12-31 23:00:00,17544.0,0.2564979480164209,0.9974350205198358,0.9974920200638395,Lamb,Manufacturing/industrial,588.0
Lamb_industrial_Willard,17544,16442,2016-01-01,2017-12-31 23:00:00,17544.0,6.281349749202003,0.93718650250798,0.9974920200638395,Lamb,Manufacturing/industrial,965.0
Lamb_lodging_Burt,17544,17497,2016-01-01,2017-12-31 23:00:00,17544.0,0.2678978568171453,0.9973210214318285,0.9974920200638395,Lamb,Lodging/residential,705.0
Lamb_lodging_Harley,17544,16446,2016-01-01,2017-12-31 23:00:00,17544.0,6.258549931600543,0.9374145006839946,0.9974920200638395,Lamb,Lodging/residential,1587.0
Lamb_office_Bertha,17544,17544,2016-01-01,2017-12-31 23:00:00,17544.0,0.0,1.0,0.9974920200638395,Lamb,Office,5336.0
Lamb_office_Caitlin,17544,17544,2016-01-01,2017-12-31 23:00:00,17544.0,0.0,1.0,0.9974920200638395,Lamb,Office,3365.0
Lamb_office_Callie,17544,17499,2016-01-01,2017-12-31 23:00:00,17544.0,0.2564979480164209,0.9974350205198358,0.9974920200638395,Lamb,Office,689.0
Lamb_office_Corine,17544,8967,2016-01-01,2017-12-31 23:00:00,17544.0,48.888508891928865,0.5111149110807114,0.9974920200638395,Lamb,Office,501.0
Lamb_office_Donita,17544,16346,2016-01-01,2017-12-31 23:00:00,17544.0,6.828545371637029,0.9317145462836297,0.9974920200638395,Lamb,Office,972.0
Lamb_office_Gerardo,17544,17498,2016-01-01,2017-12-31 23:00:00,17544.0,0.2621979024167831,0.9973780209758322,0.9974920200638395,Lamb,Office,4859.0
Lamb_office_Jo,17544,17154,2016-01-01,2017-12-31 23:00:00,17544.0,2.2229822161422663,0.9777701778385773,0.9974920200638395,Lamb,Office,1542.0
Lamb_office_Joanna,17544,2354,2016-01-01,2017-12-31 23:00:00,17544.0,86.58230734154127,0.13417692658458735,0.9974920200638395,Lamb,Office,1103.0
Lamb_office_Kent,17544,12239,2016-01-01,2017-12-31 23:00:00,17544.0,30.238258093935244,0.6976174190606476,0.9974920200638395,Lamb,Office,1200.0
Lamb_office_Kerry,17544,10450,2016-01-01,2017-12-31 23:00:00,17544.0,40.435476516187876,0.5956452348381213,0.9974920200638395,Lamb,Office,3962.0
Lamb_office_Maggie,17544,17240,2016-01-01,2017-12-31 23:00:00,17544.0,1.7327861377108955,0.982672138622891,0.9974920200638395,Lamb,Office,1134.0
Lamb_office_Peggy,17544,17402,2016-01-01,2017-12-31 23:00:00,17544.0,0.809393524851798,0.991906064751482,0.9974920200638395,Lamb,Office,432.0
Lamb_office_Raymond,17544,17498,2016-01-01,2017-12-31 23:00:00,17544.0,0.2621979024167831,0.9973780209758322,0.9974920200638395,Lamb,Office,1805.0
Lamb_office_Stefani,17544,17476,2016-01-01,2017-12-31 23:00:00,17544.0,0.3875968992248069,0.9961240310077519,0.9974920200638395,Lamb,Office,1063.0
Lamb_office_Vasiliki,17544,17501,2016-01-01,2017-12-31 23:00:00,17544.0,0.2450980392156854,0.9975490196078431,0.9974920200638395,Lamb,Office,25087.0
Lamb_office_Velma,17544,17542,2016-01-01,2017-12-31 23:00:00,17544.0,0.01139990880072439,0.9998860009119928,0.9974920200638395,Lamb,Office,14165.0
Lamb_office_William,17544,16193,2016-01-01,2017-12-31 23:00:00,17544.0,7.700638394892845,0.9229936160510716,0.9974920200638395,Lamb,Office,732.0
Lamb_other_Katharina,17544,17498,2016-01-01,2017-12-31 23:00:00,17544.0,0.2621979024167831,0.9973780209758322,0.9974920200638395,Lamb,Other,536.0
Lamb_other_Minerva,17544,16418,2016-01-01,2017-12-31 23:00:00,17544.0,6.4181486548107625,0.9358185134518924,0.9974920200638395,Lamb,Other,522.0
Lamb_public_Angeline,17544,14713,2016-01-01,2017-12-31 23:00:00,17544.0,16.136570907432745,0.8386342909256725,0.9974920200638395,Lamb,Public services,3889.0
Lamb_public_Bradly,17544,10275,2016-01-01,2017-12-31 23:00:00,17544.0,41.432968536251714,0.5856703146374829,0.9974920200638395,Lamb,Public services,1892.0
Lamb_public_Grace,17544,17526,2016-01-01,2017-12-31 23:00:00,17544.0,0.10259917920656392,0.9989740082079344,0.9974920200638395,Lamb,Public services,5664.9
Lamb_public_Gracie,17544,17473,2016-01-01,2017-12-31 23:00:00,17544.0,0.4046967624259046,0.995953032375741,0.9974920200638395,Lamb,Public services,915.0
Lamb_public_Nyla,17544,16443,2016-01-01,2017-12-31 23:00:00,17544.0,6.275649794801641,0.9372435020519836,0.9974920200638395,Lamb,Public services,657.0
Lamb_public_Vania,17544,17368,2016-01-01,2017-12-31 23:00:00,17544.0,1.0031919744642015,0.989968080255358,0.9974920200638395,Lamb,Public services,4032.0
Lamb_warehouse_Allan,17544,16467,2016-01-01,2017-12-31 23:00:00,17544.0,6.138850889192882,0.9386114911080712,0.9974920200638395,Lamb,Warehouse/storage,1457.0
Moose_education_Abbie,17544,17510,2016-01-01,2017-12-31 23:00:00,17544.0,0.19379844961240345,0.998062015503876,0.9610123119015048,Moose,Education,45000.0
Moose_education_Clark,17544,17511,2016-01-01,2017-12-31 23:00:00,17544.0,0.18809849521204125,0.9981190150478796,0.9610123119015048,Moose,Education,70999.9
Moose_education_Diane,17544,9805,2016-01-01,2017-12-31 23:00:00,17544.0,44.111947104423166,0.5588805289557683,0.9610123119015048,Moose,Education,16999.9
Moose_education_Florence,17544,11864,2016-01-01,2017-12-31 23:00:00,17544.0,32.375740994072046,0.6762425900592796,0.9610123119015048,Moose,Education,26999.9
Moose_education_Gladys,17544,17453,2016-01-01,2017-12-31 23:00:00,17544.0,0.5186958504331929,0.9948130414956681,0.9610123119015048,Moose,Education,67999.9
Moose_education_Leland,17544,12902,2016-01-01,2017-12-31 23:00:00,17544.0,26.45918832649339,0.7354081167350661,0.9610123119015048,Moose,Education,48999.9
Moose_education_Lori,17544,17453,2016-01-01,2017-12-31 23:00:00,17544.0,0.5186958504331929,0.9948130414956681,0.9610123119015048,Moose,Education,14000.0
Moose_education_Maria,17544,17427,2016-01-01,2017-12-31 23:00:00,17544.0,0.6668946648426766,0.9933310533515732,0.9610123119015048,Moose,Education,35999.9
Moose_education_Marina,17544,17511,2016-01-01,2017-12-31 23:00:00,17544.0,0.18809849521204125,0.9981190150478796,0.9610123119015048,Moose,Education,6000.0
Moose_education_Marlon,17544,17511,2016-01-01,2017-12-31 23:00:00,17544.0,0.18809849521204125,0.9981190150478796,0.9610123119015048,Moose,Education,21000.0
Moose_education_Rene,17544,17511,2016-01-01,2017-12-31 23:00:00,17544.0,0.18809849521204125,0.9981190150478796,0.9610123119015048,Moose,Education,37999.9
Moose_education_Ricardo,17544,17544,2016-01-01,2017-12-31 23:00:00,17544.0,0.0,1.0,0.9610123119015048,Moose,Education,14000.0
Moose_education_Sasha,17544,8710,2016-01-01,2017-12-31 23:00:00,17544.0,50.35339717282261,0.4964660282717739,0.9610123119015048,Moose,Education,8000.0
Mouse_health_Buddy,17544,6066,2016-01-01,2017-12-31 23:00:00,17544.0,65.42407660738714,0.3457592339261286,0.9984040127678978,Mouse,Healthcare,1749.0
Mouse_health_Estela,17544,15886,2016-01-01,2017-12-31 23:00:00,17544.0,9.450524395804837,0.9054947560419516,0.9984040127678978,Mouse,Healthcare,17193.0
Mouse_health_Ileana,17544,15723,2016-01-01,2017-12-31 23:00:00,17544.0,10.379616963064297,0.896203830369357,0.9984040127678978,Mouse,Healthcare,5399.0
Mouse_health_Justin,17544,15871,2016-01-01,2017-12-31 23:00:00,17544.0,9.536023711810305,0.904639762881897,0.9984040127678978,Mouse,Healthcare,17735.0
Mouse_health_Modesto,17544,15881,2016-01-01,2017-12-31 23:00:00,17544.0,9.47902416780666,0.9052097583219334,0.9984040127678978,Mouse,Healthcare,17993.0
Mouse_lodging_Vicente,17544,15888,2016-01-01,2017-12-31 23:00:00,17544.0,9.439124487004102,0.905608755129959,0.9984040127678978,Mouse,Lodging/residential,3489.0
Mouse_science_Micheal,17544,7252,2016-01-01,2017-12-31 23:00:00,17544.0,58.66393068855449,0.4133606931144551,0.9984040127678978,Mouse,Technology/science,5931.0
Panther_assembly_Carrol,17544,14156,2016-01-01,2017-12-31 23:00:00,17544.0,19.31144550843593,0.8068855449156407,1.0,Panther,Entertainment/public assembly,595.7
Panther_assembly_David,17544,13826,2016-01-01,2017-12-31 23:00:00,17544.0,21.19243046055631,0.7880756953944369,1.0,Panther,Entertainment/public assembly,2503.2
Panther_assembly_Denice,17544,14156,2016-01-01,2017-12-31 23:00:00,17544.0,19.31144550843593,0.8068855449156407,1.0,Panther,Entertainment/public assembly,34445.9
Panther_assembly_Gwyneth,17544,14157,2016-01-01,2017-12-31 23:00:00,17544.0,19.305745554035568,0.8069425444596443,1.0,Panther,Entertainment/public assembly,7109.6
Panther_assembly_Pamella,17544,14148,2016-01-01,2017-12-31 23:00:00,17544.0,19.35704514363885,0.8064295485636115,1.0,Panther,Entertainment/public assembly,7556.5
Panther_education_Alecia,17544,14155,2016-01-01,2017-12-31 23:00:00,17544.0,19.317145462836294,0.8068285453716371,1.0,Panther,Education,9805.4
Panther_education_Annetta,17544,14157,2016-01-01,2017-12-31 23:00:00,17544.0,19.305745554035568,0.8069425444596443,1.0,Panther,Education,9232.7
Panther_education_Aurora,17544,14158,2016-01-01,2017-12-31 23:00:00,17544.0,19.300045599635208,0.8069995440036479,1.0,Panther,Education,8012.9
Panther_education_Cleopatra,17544,14266,2016-01-01,2017-12-31 23:00:00,17544.0,18.6844505243958,0.813155494756042,1.0,Panther,Education,2012.0
Panther_education_Diann,17544,14153,2016-01-01,2017-12-31 23:00:00,17544.0,19.32854537163703,0.8067145462836297,1.0,Panther,Education,2200.4
Panther_education_Edna,17544,14188,2016-01-01,2017-12-31 23:00:00,17544.0,19.129046967624262,0.8087095303237574,1.0,Panther,Education,9896.3
Panther_education_Emily,17544,14211,2016-01-01,2017-12-31 23:00:00,17544.0,18.997948016415865,0.8100205198358413,1.0,Panther,Education,6326.1
Panther_education_Enriqueta,17544,14173,2016-01-01,2017-12-31 23:00:00,17544.0,19.21454628362973,0.8078545371637027,1.0,Panther,Education,7084.5
Panther_education_Genevieve,17544,13780,2016-01-01,2017-12-31 23:00:00,17544.0,21.454628362973093,0.7854537163702691,1.0,Panther,Education,12159.6
Panther_education_Gina,17544,14181,2016-01-01,2017-12-31 23:00:00,17544.0,19.16894664842681,0.8083105335157319,1.0,Panther,Education,10833.1
Panther_education_Hugh,17544,14156,2016-01-01,2017-12-31 23:00:00,17544.0,19.31144550843593,0.8068855449156407,1.0,Panther,Education,10395.0
Panther_education_Ivan,17544,14155,2016-01-01,2017-12-31 23:00:00,17544.0,19.317145462836294,0.8068285453716371,1.0,Panther,Education,5751.1
Panther_education_Janis,17544,14151,2016-01-01,2017-12-31 23:00:00,17544.0,19.339945280437753,0.8066005471956225,1.0,Panther,Education,1015.6
Panther_education_Jerome,17544,14158,2016-01-01,2017-12-31 23:00:00,17544.0,19.300045599635208,0.8069995440036479,1.0,Panther,Education,11974.0
Panther_education_Jonathan,17544,13520,2016-01-01,2017-12-31 23:00:00,17544.0,22.936616507067942,0.7706338349293206,1.0,Panther,Education,331.6
Panther_education_Karri,17544,13906,2016-01-01,2017-12-31 23:00:00,17544.0,20.736434108527135,0.7926356589147286,1.0,Panther,Education,5076.6
Panther_education_Mattie,17544,14158,2016-01-01,2017-12-31 23:00:00,17544.0,19.300045599635208,0.8069995440036479,1.0,Panther,Education,499.4
Panther_education_Misty,17544,14287,2016-01-01,2017-12-31 23:00:00,17544.0,18.56475148198814,0.8143524851801186,1.0,Panther,Education,252.7
Panther_education_Mohammad,17544,14197,2016-01-01,2017-12-31 23:00:00,17544.0,19.07774737802097,0.8092225262197903,1.0,Panther,Education,10244.6
Panther_education_Neal,17544,14157,2016-01-01,2017-12-31 23:00:00,17544.0,19.305745554035568,0.8069425444596443,1.0,Panther,Education,7578.7
Panther_education_Quintin,17544,12229,2016-01-01,2017-12-31 23:00:00,17544.0,30.2952576379389,0.697047423620611,1.0,Panther,Education,10578.5
Panther_education_Rosalie,17544,14151,2016-01-01,2017-12-31 23:00:00,17544.0,19.339945280437753,0.8066005471956225,1.0,Panther,Education,690.5
Panther_education_Scarlett,17544,14242,2016-01-01,2017-12-31 23:00:00,17544.0,18.82124943000456,0.8117875056999544,1.0,Panther,Education,2737.8
Panther_education_Shelton,17544,14155,2016-01-01,2017-12-31 23:00:00,17544.0,19.317145462836294,0.8068285453716371,1.0,Panther,Education,5649.3
Panther_education_Sophia,17544,14231,2016-01-01,2017-12-31 23:00:00,17544.0,18.88394892840858,0.8111605107159142,1.0,Panther,Education,4559.0
Panther_education_Teofila,17544,14156,2016-01-01,2017-12-31 23:00:00,17544.0,19.31144550843593,0.8068855449156407,1.0,Panther,Education,8723.3
Panther_education_Tina,17544,14177,2016-01-01,2017-12-31 23:00:00,17544.0,19.19174646602827,0.8080825353397173,1.0,Panther,Education,743.2
Panther_education_Vincent,17544,14154,2016-01-01,2017-12-31 23:00:00,17544.0,19.322845417236667,0.8067715458276333,1.0,Panther,Education,11248.1
Panther_education_Violet,17544,14274,2016-01-01,2017-12-31 23:00:00,17544.0,18.63885088919288,0.8136114911080712,1.0,Panther,Education,730.9
Panther_education_Zelda,17544,14154,2016-01-01,2017-12-31 23:00:00,17544.0,19.322845417236667,0.8067715458276333,1.0,Panther,Education,7519.8
Panther_lodging_Alita,17544,14156,2016-01-01,2017-12-31 23:00:00,17544.0,19.31144550843593,0.8068855449156407,1.0,Panther,Lodging/residential,5582.4
Panther_lodging_Anastasia,17544,14156,2016-01-01,2017-12-31 23:00:00,17544.0,19.31144550843593,0.8068855449156407,1.0,Panther,Lodging/residential,2272.0
Panther_lodging_Awilda,17544,14155,2016-01-01,2017-12-31 23:00:00,17544.0,19.317145462836294,0.8068285453716371,1.0,Panther,Lodging/residential,5499.9
Panther_lodging_Blaine,17544,14155,2016-01-01,2017-12-31 23:00:00,17544.0,19.317145462836294,0.8068285453716371,1.0,Panther,Lodging/residential,3594.0
Panther_lodging_Cora,17544,14193,2016-01-01,2017-12-31 23:00:00,17544.0,19.10054719562243,0.8089945280437757,1.0,Panther,Lodging/residential,17433.0
Panther_lodging_Cornelia,17544,14156,2016-01-01,2017-12-31 23:00:00,17544.0,19.31144550843593,0.8068855449156407,1.0,Panther,Lodging/residential,4935.9
Panther_lodging_Dianna,17544,14155,2016-01-01,2017-12-31 23:00:00,17544.0,19.317145462836294,0.8068285453716371,1.0,Panther,Lodging/residential,2272.0
Panther_lodging_Edison,17544,14156,2016-01-01,2017-12-31 23:00:00,17544.0,19.31144550843593,0.8068855449156407,1.0,Panther,Lodging/residential,6072.0
Panther_lodging_Edmond,17544,14156,2016-01-01,2017-12-31 23:00:00,17544.0,19.31144550843593,0.8068855449156407,1.0,Panther,Lodging/residential,4935.9
Panther_lodging_Else,17544,14157,2016-01-01,2017-12-31 23:00:00,17544.0,19.305745554035568,0.8069425444596443,1.0,Panther,Lodging/residential,3459.8
Panther_lodging_Fausto,17544,14157,2016-01-01,2017-12-31 23:00:00,17544.0,19.305745554035568,0.8069425444596443,1.0,Panther,Lodging/residential,3459.8
Panther_lodging_Floyd,17544,14156,2016-01-01,2017-12-31 23:00:00,17544.0,19.31144550843593,0.8068855449156407,1.0,Panther,Lodging/residential,3969.8
Panther_lodging_Gale,17544,14155,2016-01-01,2017-12-31 23:00:00,17544.0,19.317145462836294,0.8068285453716371,1.0,Panther,Lodging/residential,5499.9
Panther_lodging_Hattie,17544,14156,2016-01-01,2017-12-31 23:00:00,17544.0,19.31144550843593,0.8068855449156407,1.0,Panther,Lodging/residential,3594.0
Panther_lodging_Jana,17544,14157,2016-01-01,2017-12-31 23:00:00,17544.0,19.305745554035568,0.8069425444596443,1.0,Panther,Lodging/residential,3969.8
Panther_lodging_Janice,17544,14155,2016-01-01,2017-12-31 23:00:00,17544.0,19.317145462836294,0.8068285453716371,1.0,Panther,Lodging/residential,2272.0
Panther_lodging_Jorge,17544,14162,2016-01-01,2017-12-31 23:00:00,17544.0,19.27724578203375,0.8072275421796625,1.0,Panther,Lodging/residential,3866.3
Panther_lodging_Kaitlin,17544,14156,2016-01-01,2017-12-31 23:00:00,17544.0,19.31144550843593,0.8068855449156407,1.0,Panther,Lodging/residential,4935.9
Panther_lodging_Kara,17544,14185,2016-01-01,2017-12-31 23:00:00,17544.0,19.14614683082535,0.8085385316917465,1.0,Panther,Lodging/residential,18667.3
Panther_lodging_Kirk,17544,14451,2016-01-01,2017-12-31 23:00:00,17544.0,17.629958960328317,0.8237004103967168,1.0,Panther,Lodging/residential,18667.3
Panther_lodging_Marisol,17544,14157,2016-01-01,2017-12-31 23:00:00,17544.0,19.305745554035568,0.8069425444596443,1.0,Panther,Lodging/residential,18667.3
Panther_lodging_Myrtle,17544,14155,2016-01-01,2017-12-31 23:00:00,17544.0,19.317145462836294,0.8068285453716371,1.0,Panther,Lodging/residential,2272.0
Panther_lodging_Russell,17544,14157,2016-01-01,2017-12-31 23:00:00,17544.0,19.305745554035568,0.8069425444596443,1.0,Panther,Lodging/residential,2594.4
Panther_lodging_Sonja,17544,14155,2016-01-01,2017-12-31 23:00:00,17544.0,19.317145462836294,0.8068285453716371,1.0,Panther,Lodging/residential,7746.2
Panther_lodging_Teresita,17544,14156,2016-01-01,2017-12-31 23:00:00,17544.0,19.31144550843593,0.8068855449156407,1.0,Panther,Lodging/residential,3866.3
Panther_lodging_Tracie,17544,14156,2016-01-01,2017-12-31 23:00:00,17544.0,19.31144550843593,0.8068855449156407,1.0,Panther,Lodging/residential,4935.9
Panther_lodging_Willa,17544,14253,2016-01-01,2017-12-31 23:00:00,17544.0,18.758549931600545,0.8124145006839946,1.0,Panther,Lodging/residential,3446.7
Panther_office_Antonette,17544,14154,2016-01-01,2017-12-31 23:00:00,17544.0,19.322845417236667,0.8067715458276333,1.0,Panther,Office,1752.2
Panther_office_Brent,17544,13673,2016-01-01,2017-12-31 23:00:00,17544.0,22.064523483812128,0.7793547651618787,1.0,Panther,Office,998.1
Panther_office_Catherine,17544,14155,2016-01-01,2017-12-31 23:00:00,17544.0,19.317145462836294,0.8068285453716371,1.0,Panther,Office,2504.0
Panther_office_Christian,17544,14154,2016-01-01,2017-12-31 23:00:00,17544.0,19.322845417236667,0.8067715458276333,1.0,Panther,Office,1553.9
Panther_office_Christin,17544,13580,2016-01-01,2017-12-31 23:00:00,17544.0,22.594619243046054,0.7740538075695395,1.0,Panther,Office,1474.9
Panther_office_Clementine,17544,14363,2016-01-01,2017-12-31 23:00:00,17544.0,18.131554947560424,0.8186844505243958,1.0,Panther,Office,3100.2
Panther_office_Danica,17544,14156,2016-01-01,2017-12-31 23:00:00,17544.0,19.31144550843593,0.8068855449156407,1.0,Panther,Office,210.0
Panther_office_Garth,17544,14156,2016-01-01,2017-12-31 23:00:00,17544.0,19.31144550843593,0.8068855449156407,1.0,Panther,Office,4919.9
Panther_office_Graham,17544,14013,2016-01-01,2017-12-31 23:00:00,17544.0,20.126538987688104,0.798734610123119,1.0,Panther,Office,7799.9
Panther_office_Hannah,17544,14154,2016-01-01,2017-12-31 23:00:00,17544.0,19.322845417236667,0.8067715458276333,1.0,Panther,Office,375.1
Panther_office_Jeane,17544,14159,2016-01-01,2017-12-31 23:00:00,17544.0,19.294345645234834,0.8070565435476517,1.0,Panther,Office,654.3
Panther_office_Jesus,17544,14156,2016-01-01,2017-12-31 23:00:00,17544.0,19.31144550843593,0.8068855449156407,1.0,Panther,Office,9595.6
Panther_office_Karla,17544,14156,2016-01-01,2017-12-31 23:00:00,17544.0,19.31144550843593,0.8068855449156407,1.0,Panther,Office,2508.4
Panther_office_Kristen,17544,14156,2016-01-01,2017-12-31 23:00:00,17544.0,19.31144550843593,0.8068855449156407,1.0,Panther,Office,8719.9
Panther_office_Larry,17544,14154,2016-01-01,2017-12-31 23:00:00,17544.0,19.322845417236667,0.8067715458276333,1.0,Panther,Office,1738.9
Panther_office_Lauretta,17544,14155,2016-01-01,2017-12-31 23:00:00,17544.0,19.317145462836294,0.8068285453716371,1.0,Panther,Office,3366.8
Panther_office_Lavinia,17544,14156,2016-01-01,2017-12-31 23:00:00,17544.0,19.31144550843593,0.8068855449156407,1.0,Panther,Office,1001.4
Panther_office_Lois,17544,14158,2016-01-01,2017-12-31 23:00:00,17544.0,19.300045599635208,0.8069995440036479,1.0,Panther,Office,1186.3
Panther_office_Otto,17544,8849,2016-01-01,2017-12-31 23:00:00,17544.0,49.56110351117191,0.5043889648882809,1.0,Panther,Office,8151.5
Panther_office_Patti,17544,14155,2016-01-01,2017-12-31 23:00:00,17544.0,19.317145462836294,0.8068285453716371,1.0,Panther,Office,14503.2
Panther_office_Ruthie,17544,14157,2016-01-01,2017-12-31 23:00:00,17544.0,19.305745554035568,0.8069425444596443,1.0,Panther,Office,4211.3
Panther_office_Shauna,17544,14154,2016-01-01,2017-12-31 23:00:00,17544.0,19.322845417236667,0.8067715458276333,1.0,Panther,Office,4495.8
Panther_office_Taryn,17544,14155,2016-01-01,2017-12-31 23:00:00,17544.0,19.317145462836294,0.8068285453716371,1.0,Panther,Office,6003.3
Panther_office_Valarie,17544,14155,2016-01-01,2017-12-31 23:00:00,17544.0,19.317145462836294,0.8068285453716371,1.0,Panther,Office,1416.8
Panther_other_Bethel,17544,14155,2016-01-01,2017-12-31 23:00:00,17544.0,19.317145462836294,0.8068285453716371,1.0,Panther,Other,281.0
Panther_other_Bettie,17544,14155,2016-01-01,2017-12-31 23:00:00,17544.0,19.317145462836294,0.8068285453716371,1.0,Panther,Other,436.5
Panther_other_Lucina,17544,13905,2016-01-01,2017-12-31 23:00:00,17544.0,20.742134062927498,0.792578659370725,1.0,Panther,Other,21043.1
Panther_other_Lula,17544,14157,2016-01-01,2017-12-31 23:00:00,17544.0,19.305745554035568,0.8069425444596443,1.0,Panther,Other,192.3
Panther_other_Tyrone,17544,14159,2016-01-01,2017-12-31 23:00:00,17544.0,19.294345645234834,0.8070565435476517,1.0,Panther,Other,889.0
Panther_parking_Adela,17544,14156,2016-01-01,2017-12-31 23:00:00,17544.0,19.31144550843593,0.8068855449156407,1.0,Panther,Parking,36012.7
Panther_parking_Alaina,17544,14171,2016-01-01,2017-12-31 23:00:00,17544.0,19.225946192430467,0.8077405380756953,1.0,Panther,Parking,36012.7
Panther_parking_Asia,17544,14156,2016-01-01,2017-12-31 23:00:00,17544.0,19.31144550843593,0.8068855449156407,1.0,Panther,Parking,36012.7
Panther_parking_Charlene,17544,14154,2016-01-01,2017-12-31 23:00:00,17544.0,19.322845417236667,0.8067715458276333,1.0,Panther,Parking,45284.0
Panther_parking_Jody,17544,13310,2016-01-01,2017-12-31 23:00:00,17544.0,24.13360693114455,0.7586639306885545,1.0,Panther,Parking,36012.7
Panther_parking_Lorriane,17544,14162,2016-01-01,2017-12-31 23:00:00,17544.0,19.27724578203375,0.8072275421796625,1.0,Panther,Parking,36012.7
Panther_parking_Mellissa,17544,14201,2016-01-01,2017-12-31 23:00:00,17544.0,19.05494756041952,0.8094505243958048,1.0,Panther,Parking,36012.7
Panther_parking_Stanley,17544,14143,2016-01-01,2017-12-31 23:00:00,17544.0,19.385544915640672,0.8061445508435933,1.0,Panther,Parking,36012.7
Panther_retail_Felix,17544,14156,2016-01-01,2017-12-31 23:00:00,17544.0,19.31144550843593,0.8068855449156407,1.0,Panther,Retail,2941.9
Panther_retail_Gilbert,17544,13176,2016-01-01,2017-12-31 23:00:00,17544.0,24.897400820793436,0.7510259917920656,1.0,Panther,Retail,1421.8
Panther_retail_Kristina,17544,14172,2016-01-01,2017-12-31 23:00:00,17544.0,19.220246238030093,0.8077975376196991,1.0,Panther,Retail,5487.9
Panther_retail_Lester,17544,15611,2016-01-01,2017-12-31 23:00:00,17544.0,11.018011855905153,0.8898198814409485,1.0,Panther,Retail,840.3
Panther_retail_Rachel,17544,14155,2016-01-01,2017-12-31 23:00:00,17544.0,19.317145462836294,0.8068285453716371,1.0,Panther,Retail,26.3
Panther_retail_Romeo,17544,14158,2016-01-01,2017-12-31 23:00:00,17544.0,19.300045599635208,0.8069995440036479,1.0,Panther,Retail,15027.5
Peacock_assembly_Dena,17544,17503,2016-01-01,2017-12-31 23:00:00,17544.0,0.23369813041496101,0.9976630186958504,0.9997150022799818,Peacock,Entertainment/public assembly,10065.0
Peacock_assembly_Mamie,17544,7557,2016-01-01,2017-12-31 23:00:00,17544.0,56.92544459644323,0.4307455540355677,0.9997150022799818,Peacock,Entertainment/public assembly,13295.3
Peacock_assembly_Russ,17544,17496,2016-01-01,2017-12-31 23:00:00,17544.0,0.2735978112175075,0.9972640218878249,0.9997150022799818,Peacock,Entertainment/public assembly,5440.6
Peacock_assembly_Socorro,17544,17532,2016-01-01,2017-12-31 23:00:00,17544.0,0.06839945280437965,0.9993160054719562,0.9997150022799818,Peacock,Entertainment/public assembly,4880.6
Peacock_education_Anita,17544,17504,2016-01-01,2017-12-31 23:00:00,17544.0,0.22799817601458772,0.9977200182398541,0.9997150022799818,Peacock,Education,1255.3
Peacock_education_Bianca,17544,7540,2016-01-01,2017-12-31 23:00:00,17544.0,57.022343821249436,0.4297765617875057,0.9997150022799818,Peacock,Education,4349.1
Peacock_education_Dustin,17544,17502,2016-01-01,2017-12-31 23:00:00,17544.0,0.2393980848153232,0.9976060191518468,0.9997150022799818,Peacock,Education,7462.4
Peacock_education_Forest,17544,17504,2016-01-01,2017-12-31 23:00:00,17544.0,0.22799817601458772,0.9977200182398541,0.9997150022799818,Peacock,Education,7178.0
Peacock_education_Gilberto,17544,17528,2016-01-01,2017-12-31 23:00:00,17544.0,0.09119927040583953,0.9990880072959416,0.9997150022799818,Peacock,Education,23225.8
Peacock_education_Joshua,17544,17451,2016-01-01,2017-12-31 23:00:00,17544.0,0.5300957592339284,0.9946990424076607,0.9997150022799818,Peacock,Education,7054.0
Peacock_education_Karl,17544,7570,2016-01-01,2017-12-31 23:00:00,17544.0,56.85134518923849,0.4314865481076151,0.9997150022799818,Peacock,Education,44381.9
Peacock_education_Karyn,17544,17518,2016-01-01,2017-12-31 23:00:00,17544.0,0.14819881440948368,0.9985180118559052,0.9997150022799818,Peacock,Education,12016.4
Peacock_education_Lucie,17544,7413,2016-01-01,2017-12-31 23:00:00,17544.0,57.74623803009575,0.42253761969904247,0.9997150022799818,Peacock,Education,23876.1
Peacock_education_Lyle,17544,17534,2016-01-01,2017-12-31 23:00:00,17544.0,0.056999544003644154,0.9994300045599636,0.9997150022799818,Peacock,Education,17727.5
Peacock_education_Ophelia,17544,17533,2016-01-01,2017-12-31 23:00:00,17544.0,0.06269949840401745,0.9993730050159598,0.9997150022799818,Peacock,Education,11226.0
Peacock_education_Pasquale,17544,17506,2016-01-01,2017-12-31 23:00:00,17544.0,0.21659826721386333,0.9978340173278614,0.9997150022799818,Peacock,Education,3343.6
Peacock_education_Patience,17544,17533,2016-01-01,2017-12-31 23:00:00,17544.0,0.06269949840401745,0.9993730050159598,0.9997150022799818,Peacock,Education,2836.4
Peacock_education_Robbie,17544,17540,2016-01-01,2017-12-31 23:00:00,17544.0,0.022799817601459882,0.9997720018239854,0.9997150022799818,Peacock,Education,5416.9
Peacock_education_Shelly,17544,17358,2016-01-01,2017-12-31 23:00:00,17544.0,1.0601915184678568,0.9893980848153214,0.9997150022799818,Peacock,Education,4984.3
Peacock_education_Weldon,17544,7575,2016-01-01,2017-12-31 23:00:00,17544.0,56.82284541723666,0.43177154582763344,0.9997150022799818,Peacock,Education,22419.7
Peacock_education_Yolanda,17544,17540,2016-01-01,2017-12-31 23:00:00,17544.0,0.022799817601459882,0.9997720018239854,0.9997150022799818,Peacock,Education,3675.1
Peacock_lodging_Chloe,17544,17503,2016-01-01,2017-12-31 23:00:00,17544.0,0.23369813041496101,0.9976630186958504,0.9997150022799818,Peacock,Lodging/residential,4120.4
Peacock_lodging_Francesca,17544,17528,2016-01-01,2017-12-31 23:00:00,17544.0,0.09119927040583953,0.9990880072959416,0.9997150022799818,Peacock,Lodging/residential,3338.6
Peacock_lodging_Jamaal,17544,17533,2016-01-01,2017-12-31 23:00:00,17544.0,0.06269949840401745,0.9993730050159598,0.9997150022799818,Peacock,Lodging/residential,25900.9
Peacock_lodging_James,17544,17471,2016-01-01,2017-12-31 23:00:00,17544.0,0.41609667122662897,0.9958390332877337,0.9997150022799818,Peacock,Lodging/residential,7702.7
Peacock_lodging_Lou,17544,17537,2016-01-01,2017-12-31 23:00:00,17544.0,0.03989968080255757,0.9996010031919744,0.9997150022799818,Peacock,Lodging/residential,11895.7
Peacock_lodging_Mathew,17544,17495,2016-01-01,2017-12-31 23:00:00,17544.0,0.2792977656178697,0.9972070223438213,0.9997150022799818,Peacock,Lodging/residential,8669.1
Peacock_lodging_Matthew,17544,17534,2016-01-01,2017-12-31 23:00:00,17544.0,0.056999544003644154,0.9994300045599636,0.9997150022799818,Peacock,Lodging/residential,8686.4
Peacock_lodging_Nova,17544,17520,2016-01-01,2017-12-31 23:00:00,17544.0,0.1367989056087593,0.9986320109439124,0.9997150022799818,Peacock,Lodging/residential,4507.6
Peacock_lodging_Sergio,17544,17534,2016-01-01,2017-12-31 23:00:00,17544.0,0.056999544003644154,0.9994300045599636,0.9997150022799818,Peacock,Lodging/residential,10498.0
Peacock_lodging_Terrie,17544,17503,2016-01-01,2017-12-31 23:00:00,17544.0,0.23369813041496101,0.9976630186958504,0.9997150022799818,Peacock,Lodging/residential,4367.1
Peacock_lodging_Wes,17544,17533,2016-01-01,2017-12-31 23:00:00,17544.0,0.06269949840401745,0.9993730050159598,0.9997150022799818,Peacock,Lodging/residential,9828.3
Peacock_office_Annie,17544,17535,2016-01-01,2017-12-31 23:00:00,17544.0,0.05129958960328196,0.9994870041039672,0.9997150022799818,Peacock,Office,6021.8
Peacock_office_Burl,17544,17535,2016-01-01,2017-12-31 23:00:00,17544.0,0.05129958960328196,0.9994870041039672,0.9997150022799818,Peacock,Office,1661.0
Peacock_office_Dara,17544,17506,2016-01-01,2017-12-31 23:00:00,17544.0,0.21659826721386333,0.9978340173278614,0.9997150022799818,Peacock,Office,4644.2
Peacock_office_Effie,17544,17534,2016-01-01,2017-12-31 23:00:00,17544.0,0.056999544003644154,0.9994300045599636,0.9997150022799818,Peacock,Office,9723.9
Peacock_office_Elton,17544,17520,2016-01-01,2017-12-31 23:00:00,17544.0,0.1367989056087593,0.9986320109439124,0.9997150022799818,Peacock,Office,9694.9
Peacock_office_Glenn,17544,7461,2016-01-01,2017-12-31 23:00:00,17544.0,57.472640218878254,0.42527359781121743,0.9997150022799818,Peacock,Office,2179.3
Peacock_office_Jonathon,17544,7409,2016-01-01,2017-12-31 23:00:00,17544.0,57.76903784769723,0.42230962152302776,0.9997150022799818,Peacock,Office,3482.5
Peacock_office_Julian,17544,17533,2016-01-01,2017-12-31 23:00:00,17544.0,0.06269949840401745,0.9993730050159598,0.9997150022799818,Peacock,Office,3913.9
Peacock_office_Major,17544,17293,2016-01-01,2017-12-31 23:00:00,17544.0,1.430688554491566,0.9856931144550843,0.9997150022799818,Peacock,Office,6507.1
Peacock_office_Naomi,17544,5690,2016-01-01,2017-12-31 23:00:00,17544.0,67.5672594619243,0.3243274053807571,0.9997150022799818,Peacock,Office,5072.2
Peacock_office_Norman,17544,17524,2016-01-01,2017-12-31 23:00:00,17544.0,0.11399908800729941,0.998860009119927,0.9997150022799818,Peacock,Office,3044.1
Peacock_public_Kelvin,17544,17533,2016-01-01,2017-12-31 23:00:00,17544.0,0.06269949840401745,0.9993730050159598,0.9997150022799818,Peacock,Public services,37324.1
Peacock_public_Linda,17544,2752,2016-01-01,2017-12-31 23:00:00,17544.0,84.31372549019608,0.1568627450980392,0.9997150022799818,Peacock,Public services,3592.7
Rat_assembly_Adolfo,17544,17516,2016-01-01,2017-12-31 23:00:00,17544.0,0.15959872321021917,0.9984040127678978,0.9997150022799818,Rat,Entertainment/public assembly,1482.7
Rat_assembly_Aisha,17544,17440,2016-01-01,2017-12-31 23:00:00,17544.0,0.5927952576379347,0.9940720474236207,0.9997150022799818,Rat,Entertainment/public assembly,2211.4
Rat_assembly_Alex,17544,17348,2016-01-01,2017-12-31 23:00:00,17544.0,1.117191062471501,0.988828089375285,0.9997150022799818,Rat,Entertainment/public assembly,129.7
Rat_assembly_Archie,17544,17434,2016-01-01,2017-12-31 23:00:00,17544.0,0.6269949840401301,0.9937300501595987,0.9997150022799818,Rat,Entertainment/public assembly,74.4
Rat_assembly_Aubrey,17544,17507,2016-01-01,2017-12-31 23:00:00,17544.0,0.21089831281350113,0.997891016871865,0.9997150022799818,Rat,Entertainment/public assembly,570.3
Rat_assembly_Cristina,17544,17486,2016-01-01,2017-12-31 23:00:00,17544.0,0.33059735522116274,0.9966940264477884,0.9997150022799818,Rat,Entertainment/public assembly,1176.2
Rat_assembly_Damaris,17544,17467,2016-01-01,2017-12-31 23:00:00,17544.0,0.43889648882808885,0.9956110351117191,0.9997150022799818,Rat,Entertainment/public assembly,1495.6
Rat_assembly_Deandre,17544,17492,2016-01-01,2017-12-31 23:00:00,17544.0,0.29639762881896736,0.9970360237118103,0.9997150022799818,Rat,Entertainment/public assembly,1106.5
Rat_assembly_Don,17544,7078,2016-01-01,2017-12-31 23:00:00,17544.0,59.65572275421797,0.40344277245782034,0.9997150022799818,Rat,Entertainment/public assembly,183.7
Rat_assembly_Donny,17544,17210,2016-01-01,2017-12-31 23:00:00,17544.0,1.903784769721839,0.9809621523027816,0.9997150022799818,Rat,Entertainment/public assembly,102.4
Rat_assembly_Dovie,17544,17516,2016-01-01,2017-12-31 23:00:00,17544.0,0.15959872321021917,0.9984040127678978,0.9997150022799818,Rat,Entertainment/public assembly,1481.8
Rat_assembly_Erwin,17544,17492,2016-01-01,2017-12-31 23:00:00,17544.0,0.29639762881896736,0.9970360237118103,0.9997150022799818,Rat,Entertainment/public assembly,218.0
Rat_assembly_Ezequiel,17544,17515,2016-01-01,2017-12-31 23:00:00,17544.0,0.16529867761058137,0.9983470132238942,0.9997150022799818,Rat,Entertainment/public assembly,1385.5
Rat_assembly_Francine,17544,17458,2016-01-01,2017-12-31 23:00:00,17544.0,0.4901960784313708,0.9950980392156863,0.9997150022799818,Rat,Entertainment/public assembly,1603.7
Rat_assembly_Frieda,17544,17468,2016-01-01,2017-12-31 23:00:00,17544.0,0.43319653442772665,0.9956680346557227,0.9997150022799818,Rat,Entertainment/public assembly,3413.6
Rat_assembly_Gerald,17544,16548,2016-01-01,2017-12-31 23:00:00,17544.0,5.6771545827633325,0.9432284541723667,0.9997150022799818,Rat,Entertainment/public assembly,615.5
Rat_assembly_Gwen,17544,17433,2016-01-01,2017-12-31 23:00:00,17544.0,0.6326949384404923,0.9936730506155951,0.9997150022799818,Rat,Entertainment/public assembly,136.8
Rat_assembly_Horace,17544,17492,2016-01-01,2017-12-31 23:00:00,17544.0,0.29639762881896736,0.9970360237118103,0.9997150022799818,Rat,Entertainment/public assembly,426.3
Rat_assembly_Ida,17544,17443,2016-01-01,2017-12-31 23:00:00,17544.0,0.5756953944368481,0.9942430460556315,0.9997150022799818,Rat,Entertainment/public assembly,1378.9
Rat_assembly_Jamie,17544,17467,2016-01-01,2017-12-31 23:00:00,17544.0,0.43889648882808885,0.9956110351117191,0.9997150022799818,Rat,Entertainment/public assembly,1047.4
Rat_assembly_Jannie,17544,17464,2016-01-01,2017-12-31 23:00:00,17544.0,0.45599635202918654,0.9954400364797081,0.9997150022799818,Rat,Entertainment/public assembly,18051.1
Rat_assembly_Jennie,17544,17288,2016-01-01,2017-12-31 23:00:00,17544.0,1.459188326493388,0.9854081167350661,0.9997150022799818,Rat,Entertainment/public assembly,192.0
Rat_assembly_Kaitlyn,17544,17468,2016-01-01,2017-12-31 23:00:00,17544.0,0.43319653442772665,0.9956680346557227,0.9997150022799818,Rat,Entertainment/public assembly,2432.9
Rat_assembly_Karen,17544,8153,2016-01-01,2017-12-31 23:00:00,17544.0,53.52827177382581,0.4647172822617419,0.9997150022799818,Rat,Entertainment/public assembly,5852.9
Rat_assembly_Kelley,17544,17389,2016-01-01,2017-12-31 23:00:00,17544.0,0.8834929320565399,0.9911650706794346,0.9997150022799818,Rat,Entertainment/public assembly,83.4
Rat_assembly_Kenya,17544,17510,2016-01-01,2017-12-31 23:00:00,17544.0,0.19379844961240345,0.998062015503876,0.9997150022799818,Rat,Entertainment/public assembly,2141.9
Rat_assembly_Kimberley,17544,17515,2016-01-01,2017-12-31 23:00:00,17544.0,0.16529867761058137,0.9983470132238942,0.9997150022799818,Rat,Entertainment/public assembly,1912.3
Rat_assembly_Kristine,17544,17160,2016-01-01,2017-12-31 23:00:00,17544.0,2.188782489740082,0.9781121751025992,0.9997150022799818,Rat,Entertainment/public assembly,3673.5
Rat_assembly_Kristy,17544,17494,2016-01-01,2017-12-31 23:00:00,17544.0,0.284997720018243,0.9971500227998176,0.9997150022799818,Rat,Entertainment/public assembly,1082.4
Rat_assembly_Lillie,17544,17500,2016-01-01,2017-12-31 23:00:00,17544.0,0.2507979936160476,0.9974920200638395,0.9997150022799818,Rat,Entertainment/public assembly,171.2
Rat_assembly_Michel,17544,17516,2016-01-01,2017-12-31 23:00:00,17544.0,0.15959872321021917,0.9984040127678978,0.9997150022799818,Rat,Entertainment/public assembly,713.0
Rat_assembly_Mirta,17544,17513,2016-01-01,2017-12-31 23:00:00,17544.0,0.17669858641130576,0.9982330141358869,0.9997150022799818,Rat,Entertainment/public assembly,8000.8
Rat_assembly_Monica,17544,17445,2016-01-01,2017-12-31 23:00:00,17544.0,0.5642954856361126,0.9943570451436389,0.9997150022799818,Rat,Entertainment/public assembly,4231.5
Rat_assembly_Myrna,17544,7024,2016-01-01,2017-12-31 23:00:00,17544.0,59.96352029183767,0.4003647970816233,0.9997150022799818,Rat,Entertainment/public assembly,223.6
Rat_assembly_Pam,17544,17484,2016-01-01,2017-12-31 23:00:00,17544.0,0.3419972640218871,0.9965800273597811,0.9997150022799818,Rat,Entertainment/public assembly,516.0
Rat_assembly_Pauline,17544,17038,2016-01-01,2017-12-31 23:00:00,17544.0,2.884176926584592,0.9711582307341541,0.9997150022799818,Rat,Entertainment/public assembly,90.0
Rat_assembly_Rolland,17544,17512,2016-01-01,2017-12-31 23:00:00,17544.0,0.18239854081167906,0.9981760145918832,0.9997150022799818,Rat,Entertainment/public assembly,662.7
Rat_assembly_Rosemarie,17544,17438,2016-01-01,2017-12-31 23:00:00,17544.0,0.6041951664386702,0.9939580483356133,0.9997150022799818,Rat,Entertainment/public assembly,465.7
Rat_assembly_Ruth,17544,17458,2016-01-01,2017-12-31 23:00:00,17544.0,0.4901960784313708,0.9950980392156863,0.9997150022799818,Rat,Entertainment/public assembly,903.6
Rat_assembly_Silvia,17544,17492,2016-01-01,2017-12-31 23:00:00,17544.0,0.29639762881896736,0.9970360237118103,0.9997150022799818,Rat,Entertainment/public assembly,172.6
Rat_assembly_Suzanne,17544,17433,2016-01-01,2017-12-31 23:00:00,17544.0,0.6326949384404923,0.9936730506155951,0.9997150022799818,Rat,Entertainment/public assembly,182.3
Rat_assembly_Teddy,17544,17468,2016-01-01,2017-12-31 23:00:00,17544.0,0.43319653442772665,0.9956680346557227,0.9997150022799818,Rat,Entertainment/public assembly,2074.9
Rat_assembly_Teodoro,17544,16794,2016-01-01,2017-12-31 23:00:00,17544.0,4.2749658002736,0.957250341997264,0.9997150022799818,Rat,Entertainment/public assembly,1645.2
Rat_assembly_Trent,17544,17488,2016-01-01,2017-12-31 23:00:00,17544.0,0.31919744642042724,0.9968080255357957,0.9997150022799818,Rat,Entertainment/public assembly,329.3
Rat_assembly_Trudy,17544,17467,2016-01-01,2017-12-31 23:00:00,17544.0,0.43889648882808885,0.9956110351117191,0.9997150022799818,Rat,Entertainment/public assembly,1917.9
Rat_assembly_Victorina,17544,17009,2016-01-01,2017-12-31 23:00:00,17544.0,3.049475604195162,0.9695052439580484,0.9997150022799818,Rat,Entertainment/public assembly,291.1
Rat_assembly_Viola,17544,17514,2016-01-01,2017-12-31 23:00:00,17544.0,0.17099863201094356,0.9982900136798906,0.9997150022799818,Rat,Entertainment/public assembly,3380.5
Rat_education_Abigail,17544,5316,2016-01-01,2017-12-31 23:00:00,17544.0,69.69904240766074,0.3030095759233926,0.9997150022799818,Rat,Education,8825.8
Rat_education_Adell,17544,17338,2016-01-01,2017-12-31 23:00:00,17544.0,1.174190606475145,0.9882580939352485,0.9997150022799818,Rat,Education,9689.2
Rat_education_Adrian,17544,17444,2016-01-01,2017-12-31 23:00:00,17544.0,0.5699954400364748,0.9943000455996353,0.9997150022799818,Rat,Education,5956.3
Rat_education_Alfonso,17544,17465,2016-01-01,2017-12-31 23:00:00,17544.0,0.45029639762882434,0.9954970360237118,0.9997150022799818,Rat,Education,7900.4
Rat_education_Alfred,17544,17137,2016-01-01,2017-12-31 23:00:00,17544.0,2.319881440948468,0.9768011855905153,0.9997150022799818,Rat,Education,19230.9
Rat_education_Alonzo,17544,3552,2016-01-01,2017-12-31 23:00:00,17544.0,79.75376196990425,0.20246238030095753,0.9997150022799818,Rat,Education,6015.5
Rat_education_Alyson,17544,9743,2016-01-01,2017-12-31 23:00:00,17544.0,44.46534427724578,0.5553465572275422,0.9997150022799818,Rat,Education,15561.3
Rat_education_Angelica,17544,1488,2016-01-01,2017-12-31 23:00:00,17544.0,91.51846785225717,0.08481532147742821,0.9997150022799818,Rat,Education,5202.6
Rat_education_Barbara,17544,16325,2016-01-01,2017-12-31 23:00:00,17544.0,6.948244414044691,0.9305175558595531,0.9997150022799818,Rat,Education,20903.2
Rat_education_Barney,17544,17418,2016-01-01,2017-12-31 23:00:00,17544.0,0.7181942544459696,0.9928180574555403,0.9997150022799818,Rat,Education,7200.0
Rat_education_Beverly,17544,17540,2016-01-01,2017-12-31 23:00:00,17544.0,0.022799817601459882,0.9997720018239854,0.9997150022799818,Rat,Education,36603.8
Rat_education_Brett,17544,17483,2016-01-01,2017-12-31 23:00:00,17544.0,0.3476972184222493,0.9965230278157775,0.9997150022799818,Rat,Education,10126.4
Rat_education_Bryant,17544,17452,2016-01-01,2017-12-31 23:00:00,17544.0,0.5243958048335662,0.9947560419516643,0.9997150022799818,Rat,Education,6466.0
Rat_education_Calvin,17544,17501,2016-01-01,2017-12-31 23:00:00,17544.0,0.2450980392156854,0.9975490196078431,0.9997150022799818,Rat,Education,5304.8
Rat_education_Candida,17544,17492,2016-01-01,2017-12-31 23:00:00,17544.0,0.29639762881896736,0.9970360237118103,0.9997150022799818,Rat,Education,3576.8
Rat_education_Carmela,17544,17467,2016-01-01,2017-12-31 23:00:00,17544.0,0.43889648882808885,0.9956110351117191,0.9997150022799818,Rat,Education,4457.9
Rat_education_Cecil,17544,17442,2016-01-01,2017-12-31 23:00:00,17544.0,0.5813953488372103,0.9941860465116279,0.9997150022799818,Rat,Education,5681.1
Rat_education_Cedric,17544,17516,2016-01-01,2017-12-31 23:00:00,17544.0,0.15959872321021917,0.9984040127678978,0.9997150022799818,Rat,Education,6169.1
Rat_education_Chance,17544,1464,2016-01-01,2017-12-31 23:00:00,17544.0,91.65526675786595,0.0834473324213405,0.9997150022799818,Rat,Education,5592.8
Rat_education_Cinthia,17544,12011,2016-01-01,2017-12-31 23:00:00,17544.0,31.537847697218425,0.6846215230278158,0.9997150022799818,Rat,Education,6438.2
Rat_education_Colin,17544,17468,2016-01-01,2017-12-31 23:00:00,17544.0,0.43319653442772665,0.9956680346557227,0.9997150022799818,Rat,Education,7748.1
Rat_education_Conrad,17544,16625,2016-01-01,2017-12-31 23:00:00,17544.0,5.238258093935244,0.9476174190606476,0.9997150022799818,Rat,Education,33073.5
Rat_education_Dana,17544,17515,2016-01-01,2017-12-31 23:00:00,17544.0,0.16529867761058137,0.9983470132238942,0.9997150022799818,Rat,Education,6577.5
Rat_education_Dann,17544,17492,2016-01-01,2017-12-31 23:00:00,17544.0,0.29639762881896736,0.9970360237118103,0.9997150022799818,Rat,Education,16954.8
Rat_education_Davis,17544,17421,2016-01-01,2017-12-31 23:00:00,17544.0,0.7010943912448719,0.9929890560875513,0.9997150022799818,Rat,Education,8092.5
Rat_education_Deanna,17544,17492,2016-01-01,2017-12-31 23:00:00,17544.0,0.29639762881896736,0.9970360237118103,0.9997150022799818,Rat,Education,6215.2
Rat_education_Debra,17544,17445,2016-01-01,2017-12-31 23:00:00,17544.0,0.5642954856361126,0.9943570451436389,0.9997150022799818,Rat,Education,4784.5
Rat_education_Denise,17544,8158,2016-01-01,2017-12-31 23:00:00,17544.0,53.499772001823985,0.46500227998176014,0.9997150022799818,Rat,Education,6085.1
Rat_education_Dianne,17544,12197,2016-01-01,2017-12-31 23:00:00,17544.0,30.477656178750568,0.6952234382124943,0.9997150022799818,Rat,Education,6800.5
Rat_education_Donnell,17544,9215,2016-01-01,2017-12-31 23:00:00,17544.0,47.474920200638394,0.5252507979936161,0.9997150022799818,Rat,Education,7413.7
Rat_education_Dreama,17544,17150,2016-01-01,2017-12-31 23:00:00,17544.0,2.245782033743726,0.9775421796625627,0.9997150022799818,Rat,Education,9801.3
Rat_education_Earl,17544,17439,2016-01-01,2017-12-31 23:00:00,17544.0,0.598495212038308,0.9940150478796169,0.9997150022799818,Rat,Education,7051.3
Rat_education_Earnest,17544,17468,2016-01-01,2017-12-31 23:00:00,17544.0,0.43319653442772665,0.9956680346557227,0.9997150022799818,Rat,Education,5564.9
Rat_education_Edmund,17544,7545,2016-01-01,2017-12-31 23:00:00,17544.0,56.99384404924761,0.4300615595075239,0.9997150022799818,Rat,Education,6187.3
Rat_education_Eleonora,17544,8181,2016-01-01,2017-12-31 23:00:00,17544.0,53.36867305061559,0.4663132694938441,0.9997150022799818,Rat,Education,10683.8
Rat_education_Elisa,17544,17516,2016-01-01,2017-12-31 23:00:00,17544.0,0.15959872321021917,0.9984040127678978,0.9997150022799818,Rat,Education,3994.8
Rat_education_Elsie,17544,17483,2016-01-01,2017-12-31 23:00:00,17544.0,0.3476972184222493,0.9965230278157775,0.9997150022799818,Rat,Education,34978.6
Rat_education_Esther,17544,17467,2016-01-01,2017-12-31 23:00:00,17544.0,0.43889648882808885,0.9956110351117191,0.9997150022799818,Rat,Education,6466.0
Rat_education_Everett,17544,17489,2016-01-01,2017-12-31 23:00:00,17544.0,0.31349749202006505,0.9968650250797993,0.9997150022799818,Rat,Education,8024.5
Rat_education_Fernando,17544,17467,2016-01-01,2017-12-31 23:00:00,17544.0,0.43889648882808885,0.9956110351117191,0.9997150022799818,Rat,Education,5472.7
Rat_education_Francisca,17544,17060,2016-01-01,2017-12-31 23:00:00,17544.0,2.758777929776557,0.9724122207022344,0.9997150022799818,Rat,Education,6605.4
Rat_education_Gricelda,17544,13390,2016-01-01,2017-12-31 23:00:00,17544.0,23.67761057911537,0.7632238942088463,0.9997150022799818,Rat,Education,2081.0
Rat_education_Guillermo,17544,17464,2016-01-01,2017-12-31 23:00:00,17544.0,0.45599635202918654,0.9954400364797081,0.9997150022799818,Rat,Education,7404.4
Rat_education_Humberto,17544,17158,2016-01-01,2017-12-31 23:00:00,17544.0,2.2001823985408064,0.9779981760145919,0.9997150022799818,Rat,Education,9288.0
Rat_education_Imelda,17544,17491,2016-01-01,2017-12-31 23:00:00,17544.0,0.30209758321932956,0.9969790241678067,0.9997150022799818,Rat,Education,3669.7
Rat_education_Irma,17544,17488,2016-01-01,2017-12-31 23:00:00,17544.0,0.31919744642042724,0.9968080255357957,0.9997150022799818,Rat,Education,6763.3
Rat_education_Jacob,17544,17468,2016-01-01,2017-12-31 23:00:00,17544.0,0.43319653442772665,0.9956680346557227,0.9997150022799818,Rat,Education,5310.8
Rat_education_Jame,17544,17449,2016-01-01,2017-12-31 23:00:00,17544.0,0.5414956680346528,0.9945850433196535,0.9997150022799818,Rat,Education,3511.7
Rat_education_Jeanne,17544,9165,2016-01-01,2017-12-31 23:00:00,17544.0,47.75991792065663,0.5224008207934336,0.9997150022799818,Rat,Education,4598.7
Rat_education_Jena,17544,17468,2016-01-01,2017-12-31 23:00:00,17544.0,0.43319653442772665,0.9956680346557227,0.9997150022799818,Rat,Education,3804.4
Rat_education_Jesse,17544,17516,2016-01-01,2017-12-31 23:00:00,17544.0,0.15959872321021917,0.9984040127678978,0.9997150022799818,Rat,Education,3839.6
Rat_education_Kandice,17544,17510,2016-01-01,2017-12-31 23:00:00,17544.0,0.19379844961240345,0.998062015503876,0.9997150022799818,Rat,Education,9643.3
Rat_education_Kathryn,17544,17541,2016-01-01,2017-12-31 23:00:00,17544.0,0.017099863201097687,0.999829001367989,0.9997150022799818,Rat,Education,30213.6
Rat_education_Keith,17544,17516,2016-01-01,2017-12-31 23:00:00,17544.0,0.15959872321021917,0.9984040127678978,0.9997150022799818,Rat,Education,9420.4
Rat_education_Kelsey,17544,17516,2016-01-01,2017-12-31 23:00:00,17544.0,0.15959872321021917,0.9984040127678978,0.9997150022799818,Rat,Education,9227.6
Rat_education_Kristie,17544,1561,2016-01-01,2017-12-31 23:00:00,17544.0,91.10237118103055,0.0889762881896945,0.9997150022799818,Rat,Education,5778.6
Rat_education_Lee,17544,17541,2016-01-01,2017-12-31 23:00:00,17544.0,0.017099863201097687,0.999829001367989,0.9997150022799818,Rat,Education,26291.5
Rat_education_Leonardo,17544,16997,2016-01-01,2017-12-31 23:00:00,17544.0,3.1178750569995417,0.9688212494300046,0.9997150022799818,Rat,Education,4385.0
Rat_education_Lincoln,17544,17461,2016-01-01,2017-12-31 23:00:00,17544.0,0.4730962152302731,0.9952690378476973,0.9997150022799818,Rat,Education,10857.8
Rat_education_Liz,17544,17492,2016-01-01,2017-12-31 23:00:00,17544.0,0.29639762881896736,0.9970360237118103,0.9997150022799818,Rat,Education,6447.5
Rat_education_Lonnie,17544,17466,2016-01-01,2017-12-31 23:00:00,17544.0,0.44459644322845104,0.9955540355677155,0.9997150022799818,Rat,Education,4645.2
Rat_education_Lynn,17544,17492,2016-01-01,2017-12-31 23:00:00,17544.0,0.29639762881896736,0.9970360237118103,0.9997150022799818,Rat,Education,7785.3
Rat_education_Mac,17544,913,2016-01-01,2017-12-31 23:00:00,17544.0,94.79594163246693,0.0520405836753306,0.9997150022799818,Rat,Education,6108.5
Rat_education_Marcos,17544,17292,2016-01-01,2017-12-31 23:00:00,17544.0,1.4363885088919282,0.9856361149110807,0.9997150022799818,Rat,Education,8398.4
Rat_education_Marianna,17544,17420,2016-01-01,2017-12-31 23:00:00,17544.0,0.7067943456452341,0.9929320565435477,0.9997150022799818,Rat,Education,5936.5
Rat_education_Maricela,17544,17043,2016-01-01,2017-12-31 23:00:00,17544.0,2.8556771545827586,0.9714432284541724,0.9997150022799818,Rat,Education,6466.0
Rat_education_Marvin,17544,17427,2016-01-01,2017-12-31 23:00:00,17544.0,0.6668946648426766,0.9933310533515732,0.9997150022799818,Rat,Education,5518.4
Rat_education_Matt,17544,9647,2016-01-01,2017-12-31 23:00:00,17544.0,45.0125398996808,0.549874601003192,0.9997150022799818,Rat,Education,10405.1
Rat_education_Mavis,17544,8204,2016-01-01,2017-12-31 23:00:00,17544.0,53.237574099407205,0.46762425900592797,0.9997150022799818,Rat,Education,14678.7
Rat_education_Meghan,17544,17515,2016-01-01,2017-12-31 23:00:00,17544.0,0.16529867761058137,0.9983470132238942,0.9997150022799818,Rat,Education,4561.5
Rat_education_Milagros,17544,17081,2016-01-01,2017-12-31 23:00:00,17544.0,2.6390788873689064,0.9736092111263109,0.9997150022799818,Rat,Education,9262.4
Rat_education_Moises,17544,5009,2016-01-01,2017-12-31 23:00:00,17544.0,71.44892840857273,0.2855107159142727,0.9997150022799818,Rat,Education,7794.6
Rat_education_Mona,17544,17492,2016-01-01,2017-12-31 23:00:00,17544.0,0.29639762881896736,0.9970360237118103,0.9997150022799818,Rat,Education,4923.9
Rat_education_Morton,17544,17492,2016-01-01,2017-12-31 23:00:00,17544.0,0.29639762881896736,0.9970360237118103,0.9997150022799818,Rat,Education,14409.3
Rat_education_Mose,17544,17488,2016-01-01,2017-12-31 23:00:00,17544.0,0.31919744642042724,0.9968080255357957,0.9997150022799818,Rat,Education,10219.3
Rat_education_Nellie,17544,17508,2016-01-01,2017-12-31 23:00:00,17544.0,0.20519835841312783,0.9979480164158687,0.9997150022799818,Rat,Education,26217.2
Rat_education_Nona,17544,17467,2016-01-01,2017-12-31 23:00:00,17544.0,0.43889648882808885,0.9956110351117191,0.9997150022799818,Rat,Education,25204.6
Rat_education_Nydia,17544,17389,2016-01-01,2017-12-31 23:00:00,17544.0,0.8834929320565399,0.9911650706794346,0.9997150022799818,Rat,Education,7785.3
Rat_education_Pat,17544,17309,2016-01-01,2017-12-31 23:00:00,17544.0,1.3394892840857264,0.9866051071591427,0.9997150022799818,Rat,Education,13461.6
Rat_education_Patty,17544,17469,2016-01-01,2017-12-31 23:00:00,17544.0,0.42749658002736446,0.9957250341997264,0.9997150022799818,Rat,Education,15793.5
Rat_education_Paula,17544,17348,2016-01-01,2017-12-31 23:00:00,17544.0,1.117191062471501,0.988828089375285,0.9997150022799818,Rat,Education,7200.0
Rat_education_Penny,17544,6359,2016-01-01,2017-12-31 23:00:00,17544.0,63.75398996808026,0.3624601003191974,0.9997150022799818,Rat,Education,7014.2
Rat_education_Renee,17544,17492,2016-01-01,2017-12-31 23:00:00,17544.0,0.29639762881896736,0.9970360237118103,0.9997150022799818,Rat,Education,3445.1
Rat_education_Robyn,17544,17516,2016-01-01,2017-12-31 23:00:00,17544.0,0.15959872321021917,0.9984040127678978,0.9997150022799818,Rat,Education,9188.1
Rat_education_Rogelio,17544,17346,2016-01-01,2017-12-31 23:00:00,17544.0,1.1285909712722253,0.9887140902872777,0.9997150022799818,Rat,Education,5834.3
Rat_education_Romana,17544,7871,2016-01-01,2017-12-31 23:00:00,17544.0,55.13565891472868,0.4486434108527132,0.9997150022799818,Rat,Education,4403.6
Rat_education_Rosalyn,17544,17492,2016-01-01,2017-12-31 23:00:00,17544.0,0.29639762881896736,0.9970360237118103,0.9997150022799818,Rat,Education,6038.7
Rat_education_Roxanne,17544,6524,2016-01-01,2017-12-31 23:00:00,17544.0,62.81349749202006,0.37186502507979935,0.9997150022799818,Rat,Education,15115.3
Rat_education_Royal,17544,17492,2016-01-01,2017-12-31 23:00:00,17544.0,0.29639762881896736,0.9970360237118103,0.9997150022799818,Rat,Education,7218.6
Rat_education_Salvatore,17544,17492,2016-01-01,2017-12-31 23:00:00,17544.0,0.29639762881896736,0.9970360237118103,0.9997150022799818,Rat,Education,4551.7
Rat_education_Shellie,17544,17468,2016-01-01,2017-12-31 23:00:00,17544.0,0.43319653442772665,0.9956680346557227,0.9997150022799818,Rat,Education,5778.6
Rat_education_Sherwood,17544,17444,2016-01-01,2017-12-31 23:00:00,17544.0,0.5699954400364748,0.9943000455996353,0.9997150022799818,Rat,Education,8835.1
Rat_education_Sina,17544,17444,2016-01-01,2017-12-31 23:00:00,17544.0,0.5699954400364748,0.9943000455996353,0.9997150022799818,Rat,Education,8203.3
Rat_education_Stuart,17544,17468,2016-01-01,2017-12-31 23:00:00,17544.0,0.43319653442772665,0.9956680346557227,0.9997150022799818,Rat,Education,7636.6
Rat_education_Susana,17544,9906,2016-01-01,2017-12-31 23:00:00,17544.0,43.53625170998632,0.5646374829001368,0.9997150022799818,Rat,Education,28056.7
Rat_education_Tania,17544,17336,2016-01-01,2017-12-31 23:00:00,17544.0,1.1855905152758806,0.9881440948472412,0.9997150022799818,Rat,Education,21832.2
Rat_education_Terese,17544,17475,2016-01-01,2017-12-31 23:00:00,17544.0,0.3932968536251691,0.9960670314637483,0.9997150022799818,Rat,Education,16722.5
Rat_education_Theo,17544,17541,2016-01-01,2017-12-31 23:00:00,17544.0,0.017099863201097687,0.999829001367989,0.9997150022799818,Rat,Education,26830.4
Rat_education_Tim,17544,17506,2016-01-01,2017-12-31 23:00:00,17544.0,0.21659826721386333,0.9978340173278614,0.9997150022799818,Rat,Education,4412.9
Rat_education_Tristan,17544,15645,2016-01-01,2017-12-31 23:00:00,17544.0,10.824213406292749,0.8917578659370725,0.9997150022799818,Rat,Education,10228.6
Rat_education_Ulrike,17544,17492,2016-01-01,2017-12-31 23:00:00,17544.0,0.29639762881896736,0.9970360237118103,0.9997150022799818,Rat,Education,4318.5
Rat_education_Verna,17544,17441,2016-01-01,2017-12-31 23:00:00,17544.0,0.5870953032375725,0.9941290469676243,0.9997150022799818,Rat,Education,6187.3
Rat_education_Veronica,17544,3840,2016-01-01,2017-12-31 23:00:00,17544.0,78.11217510259918,0.2188782489740082,0.9997150022799818,Rat,Education,14307.1
Rat_education_Vicky,17544,16854,2016-01-01,2017-12-31 23:00:00,17544.0,3.932968536251713,0.9606703146374829,0.9997150022799818,Rat,Education,18004.6
Rat_education_Willie,17544,17468,2016-01-01,2017-12-31 23:00:00,17544.0,0.43319653442772665,0.9956680346557227,0.9997150022799818,Rat,Education,9680.5
Rat_education_Willy,17544,9772,2016-01-01,2017-12-31 23:00:00,17544.0,44.300045599635204,0.5569995440036479,0.9997150022799818,Rat,Education,8138.3
Rat_education_Wilmer,17544,17444,2016-01-01,2017-12-31 23:00:00,17544.0,0.5699954400364748,0.9943000455996353,0.9997150022799818,Rat,Education,6150.2
Rat_education_Winnie,17544,17466,2016-01-01,2017-12-31 23:00:00,17544.0,0.44459644322845104,0.9955540355677155,0.9997150022799818,Rat,Education,5499.9
Rat_education_Yu,17544,16916,2016-01-01,2017-12-31 23:00:00,17544.0,3.5795713634290904,0.9642042863657091,0.9997150022799818,Rat,Education,2034.9
Rat_education_Zina,17544,17420,2016-01-01,2017-12-31 23:00:00,17544.0,0.7067943456452341,0.9929320565435477,0.9997150022799818,Rat,Education,5304.8
Rat_education_Zoe,17544,17492,2016-01-01,2017-12-31 23:00:00,17544.0,0.29639762881896736,0.9970360237118103,0.9997150022799818,Rat,Education,6447.5
Rat_health_Ann,17544,6814,2016-01-01,2017-12-31 23:00:00,17544.0,61.16051071591427,0.38839489284085726,0.9997150022799818,Rat,Healthcare,7478.7
Rat_health_Gaye,17544,17468,2016-01-01,2017-12-31 23:00:00,17544.0,0.43319653442772665,0.9956680346557227,0.9997150022799818,Rat,Healthcare,2220.7
Rat_health_Guy,17544,17366,2016-01-01,2017-12-31 23:00:00,17544.0,1.014591883264937,0.9898540811673506,0.9997150022799818,Rat,Healthcare,76141.2
Rat_health_Mildred,17544,17489,2016-01-01,2017-12-31 23:00:00,17544.0,0.31349749202006505,0.9968650250797993,0.9997150022799818,Rat,Healthcare,911.7
Rat_health_Rosaria,17544,17490,2016-01-01,2017-12-31 23:00:00,17544.0,0.30779753761970285,0.996922024623803,0.9997150022799818,Rat,Healthcare,1393.5
Rat_health_Shane,17544,17317,2016-01-01,2017-12-31 23:00:00,17544.0,1.2938896488828067,0.9870611035111719,0.9997150022799818,Rat,Healthcare,41806.4
Rat_health_Tanya,17544,17516,2016-01-01,2017-12-31 23:00:00,17544.0,0.15959872321021917,0.9984040127678978,0.9997150022799818,Rat,Healthcare,2712.0
Rat_lodging_Ardell,17544,17468,2016-01-01,2017-12-31 23:00:00,17544.0,0.43319653442772665,0.9956680346557227,0.9997150022799818,Rat,Lodging/residential,1446.9
Rat_lodging_Ben,17544,17343,2016-01-01,2017-12-31 23:00:00,17544.0,1.145690834473323,0.9885430916552668,0.9997150022799818,Rat,Lodging/residential,32516.0
Rat_lodging_Christine,17544,17492,2016-01-01,2017-12-31 23:00:00,17544.0,0.29639762881896736,0.9970360237118103,0.9997150022799818,Rat,Lodging/residential,2906.3
Rat_lodging_Dwight,17544,17510,2016-01-01,2017-12-31 23:00:00,17544.0,0.19379844961240345,0.998062015503876,0.9997150022799818,Rat,Lodging/residential,1432.6
Rat_lodging_Jeannette,17544,17514,2016-01-01,2017-12-31 23:00:00,17544.0,0.17099863201094356,0.9982900136798906,0.9997150022799818,Rat,Lodging/residential,464.5
Rat_lodging_Lakisha,17544,13422,2016-01-01,2017-12-31 23:00:00,17544.0,23.49521203830369,0.7650478796169631,0.9997150022799818,Rat,Lodging/residential,673.5
Rat_lodging_Lorenzo,17544,17368,2016-01-01,2017-12-31 23:00:00,17544.0,1.0031919744642015,0.989968080255358,0.9997150022799818,Rat,Lodging/residential,239.9
Rat_lodging_Lucille,17544,10446,2016-01-01,2017-12-31 23:00:00,17544.0,40.458276333789335,0.5954172366621067,0.9997150022799818,Rat,Lodging/residential,205.3
Rat_lodging_Marguerite,17544,17386,2016-01-01,2017-12-31 23:00:00,17544.0,0.9005927952576376,0.9909940720474236,0.9997150022799818,Rat,Lodging/residential,1703.8
Rat_lodging_Marion,17544,17436,2016-01-01,2017-12-31 23:00:00,17544.0,0.6155950752393946,0.993844049247606,0.9997150022799818,Rat,Lodging/residential,1105.5
Rat_lodging_Ted,17544,17128,2016-01-01,2017-12-31 23:00:00,17544.0,2.371181030551761,0.9762881896944824,0.9997150022799818,Rat,Lodging/residential,185.8
Rat_office_Adele,17544,17515,2016-01-01,2017-12-31 23:00:00,17544.0,0.16529867761058137,0.9983470132238942,0.9997150022799818,Rat,Office,37904.4
Rat_office_Annis,17544,17492,2016-01-01,2017-12-31 23:00:00,17544.0,0.29639762881896736,0.9970360237118103,0.9997150022799818,Rat,Office,594.6
Rat_office_Arron,17544,17476,2016-01-01,2017-12-31 23:00:00,17544.0,0.3875968992248069,0.9961240310077519,0.9997150022799818,Rat,Office,3716.1
Rat_office_Ashlee,17544,10913,2016-01-01,2017-12-31 23:00:00,17544.0,37.796397628818966,0.6220360237118103,0.9997150022799818,Rat,Office,2186.9
Rat_office_Avis,17544,17180,2016-01-01,2017-12-31 23:00:00,17544.0,2.0747834017327826,0.9792521659826722,0.9997150022799818,Rat,Office,44099.2
Rat_office_Chris,17544,13076,2016-01-01,2017-12-31 23:00:00,17544.0,25.46739626082991,0.7453260373917009,0.9997150022799818,Rat,Office,54437.0
Rat_office_Colby,17544,17540,2016-01-01,2017-12-31 23:00:00,17544.0,0.022799817601459882,0.9997720018239854,0.9997150022799818,Rat,Office,79000.4
Rat_office_Craig,17544,17420,2016-01-01,2017-12-31 23:00:00,17544.0,0.7067943456452341,0.9929320565435477,0.9997150022799818,Rat,Office,9754.8
Rat_office_Jacinta,17544,17443,2016-01-01,2017-12-31 23:00:00,17544.0,0.5756953944368481,0.9942430460556315,0.9997150022799818,Rat,Office,2835.9
Rat_office_Jamal,17544,17540,2016-01-01,2017-12-31 23:00:00,17544.0,0.022799817601459882,0.9997720018239854,0.9997150022799818,Rat,Office,27406.4
Rat_office_Jeannie,17544,17492,2016-01-01,2017-12-31 23:00:00,17544.0,0.29639762881896736,0.9970360237118103,0.9997150022799818,Rat,Office,1495.6
Rat_office_Jessica,17544,17312,2016-01-01,2017-12-31 23:00:00,17544.0,1.3223894208846287,0.9867761057911537,0.9997150022799818,Rat,Office,30542.8
Rat_office_Jill,17544,17252,2016-01-01,2017-12-31 23:00:00,17544.0,1.6643866849065159,0.9833561331509348,0.9997150022799818,Rat,Office,31587.0
Rat_office_Kasey,17544,17468,2016-01-01,2017-12-31 23:00:00,17544.0,0.43319653442772665,0.9956680346557227,0.9997150022799818,Rat,Office,3195.9
Rat_office_Lora,17544,17516,2016-01-01,2017-12-31 23:00:00,17544.0,0.15959872321021917,0.9984040127678978,0.9997150022799818,Rat,Office,21274.8
Rat_office_Loyd,17544,17516,2016-01-01,2017-12-31 23:00:00,17544.0,0.15959872321021917,0.9984040127678978,0.9997150022799818,Rat,Office,2779.3
Rat_office_Mei,17544,17200,2016-01-01,2017-12-31 23:00:00,17544.0,1.9607843137254943,0.9803921568627451,0.9997150022799818,Rat,Office,743.2
Rat_office_Olivia,17544,17492,2016-01-01,2017-12-31 23:00:00,17544.0,0.29639762881896736,0.9970360237118103,0.9997150022799818,Rat,Office,2564.1
Rat_office_Ramiro,17544,17316,2016-01-01,2017-12-31 23:00:00,17544.0,1.2995896032831689,0.9870041039671683,0.9997150022799818,Rat,Office,8297.6
Rat_office_Randy,17544,17468,2016-01-01,2017-12-31 23:00:00,17544.0,0.43319653442772665,0.9956680346557227,0.9997150022799818,Rat,Office,5779.0
Rat_office_Ronald,17544,17510,2016-01-01,2017-12-31 23:00:00,17544.0,0.19379844961240345,0.998062015503876,0.9997150022799818,Rat,Office,802.4
Rat_office_Rosemary,17544,17491,2016-01-01,2017-12-31 23:00:00,17544.0,0.30209758321932956,0.9969790241678067,0.9997150022799818,Rat,Office,2787.1
Rat_office_Sammy,17544,17512,2016-01-01,2017-12-31 23:00:00,17544.0,0.18239854081167906,0.9981760145918832,0.9997150022799818,Rat,Office,2912.1
Rat_office_Tracy,17544,17481,2016-01-01,2017-12-31 23:00:00,17544.0,0.3590971272229848,0.9964090287277702,0.9997150022799818,Rat,Office,1275.4
Rat_other_Al,17544,17450,2016-01-01,2017-12-31 23:00:00,17544.0,0.5357957136342906,0.9946420428636571,0.9997150022799818,Rat,Other,982.7
Rat_other_Daphne,17544,17472,2016-01-01,2017-12-31 23:00:00,17544.0,0.41039671682626677,0.9958960328317373,0.9997150022799818,Rat,Other,10431.4
Rat_other_Hazel,17544,17491,2016-01-01,2017-12-31 23:00:00,17544.0,0.30209758321932956,0.9969790241678067,0.9997150022799818,Rat,Other,3195.9
Rat_other_Lan,17544,17308,2016-01-01,2017-12-31 23:00:00,17544.0,1.3451892384860886,0.9865481076151391,0.9997150022799818,Rat,Other,999.8
Rat_parking_Ronnie,17544,17485,2016-01-01,2017-12-31 23:00:00,17544.0,0.33629730962152493,0.9966370269037848,0.9997150022799818,Rat,Parking,163.5
Rat_public_Alanna,17544,17303,2016-01-01,2017-12-31 23:00:00,17544.0,1.3736890104879107,0.9862631098951209,0.9997150022799818,Rat,Public services,42888.4
Rat_public_Alexander,17544,4205,2016-01-01,2017-12-31 23:00:00,17544.0,76.03169174646602,0.23968308253533976,0.9997150022799818,Rat,Public services,2787.1
Rat_public_Allie,17544,17515,2016-01-01,2017-12-31 23:00:00,17544.0,0.16529867761058137,0.9983470132238942,0.9997150022799818,Rat,Public services,810.7
Rat_public_Allyson,17544,17463,2016-01-01,2017-12-31 23:00:00,17544.0,0.46169630642954873,0.9953830369357045,0.9997150022799818,Rat,Public services,1672.3
Rat_public_Amber,17544,17492,2016-01-01,2017-12-31 23:00:00,17544.0,0.29639762881896736,0.9970360237118103,0.9997150022799818,Rat,Public services,1985.2
Rat_public_Andrea,17544,7068,2016-01-01,2017-12-31 23:00:00,17544.0,59.71272229822162,0.4028727770177838,0.9997150022799818,Rat,Public services,12792.7
Rat_public_Angelina,17544,17468,2016-01-01,2017-12-31 23:00:00,17544.0,0.43319653442772665,0.9956680346557227,0.9997150022799818,Rat,Public services,1794.4
Rat_public_Angle,17544,7293,2016-01-01,2017-12-31 23:00:00,17544.0,58.43023255813953,0.4156976744186047,0.9997150022799818,Rat,Public services,7562.0
Rat_public_Becky,17544,17467,2016-01-01,2017-12-31 23:00:00,17544.0,0.43889648882808885,0.9956110351117191,0.9997150022799818,Rat,Public services,911.9
Rat_public_Berry,17544,17492,2016-01-01,2017-12-31 23:00:00,17544.0,0.29639762881896736,0.9970360237118103,0.9997150022799818,Rat,Public services,4083.6
Rat_public_Bronwyn,17544,17203,2016-01-01,2017-12-31 23:00:00,17544.0,1.9436844505243966,0.980563155494756,0.9997150022799818,Rat,Public services,51583.7
Rat_public_Carole,17544,17450,2016-01-01,2017-12-31 23:00:00,17544.0,0.5357957136342906,0.9946420428636571,0.9997150022799818,Rat,Public services,923.5
Rat_public_Caroline,17544,17515,2016-01-01,2017-12-31 23:00:00,17544.0,0.16529867761058137,0.9983470132238942,0.9997150022799818,Rat,Public services,4407.2
Rat_public_Chrissy,17544,17144,2016-01-01,2017-12-31 23:00:00,17544.0,2.2799817601459216,0.9772001823985408,0.9997150022799818,Rat,Public services,2043.9
Rat_public_Clyde,17544,17471,2016-01-01,2017-12-31 23:00:00,17544.0,0.41609667122662897,0.9958390332877337,0.9997150022799818,Rat,Public services,1478.4
Rat_public_Corinne,17544,17492,2016-01-01,2017-12-31 23:00:00,17544.0,0.29639762881896736,0.9970360237118103,0.9997150022799818,Rat,Public services,2311.0
Rat_public_Courtney,17544,17467,2016-01-01,2017-12-31 23:00:00,17544.0,0.43889648882808885,0.9956110351117191,0.9997150022799818,Rat,Public services,1665.5
Rat_public_Dalia,17544,17461,2016-01-01,2017-12-31 23:00:00,17544.0,0.4730962152302731,0.9952690378476973,0.9997150022799818,Rat,Public services,8420.3
Rat_public_Damon,17544,17440,2016-01-01,2017-12-31 23:00:00,17544.0,0.5927952576379347,0.9940720474236207,0.9997150022799818,Rat,Public services,1228.5
Rat_public_Darren,17544,17427,2016-01-01,2017-12-31 23:00:00,17544.0,0.6668946648426766,0.9933310533515732,0.9997150022799818,Rat,Public services,261.8
Rat_public_Deidre,17544,17516,2016-01-01,2017-12-31 23:00:00,17544.0,0.15959872321021917,0.9984040127678978,0.9997150022799818,Rat,Public services,657.7
Rat_public_Desiree,17544,17480,2016-01-01,2017-12-31 23:00:00,17544.0,0.364797081623347,0.9963520291837665,0.9997150022799818,Rat,Public services,841.9
Rat_public_Dexter,17544,17444,2016-01-01,2017-12-31 23:00:00,17544.0,0.5699954400364748,0.9943000455996353,0.9997150022799818,Rat,Public services,718.3
Rat_public_Duane,17544,17515,2016-01-01,2017-12-31 23:00:00,17544.0,0.16529867761058137,0.9983470132238942,0.9997150022799818,Rat,Public services,10431.4
Rat_public_Elmira,17544,13965,2016-01-01,2017-12-31 23:00:00,17544.0,20.40013679890561,0.7959986320109439,0.9997150022799818,Rat,Public services,1035.2
Rat_public_Emilee,17544,17444,2016-01-01,2017-12-31 23:00:00,17544.0,0.5699954400364748,0.9943000455996353,0.9997150022799818,Rat,Public services,2090.3
Rat_public_Faye,17544,17444,2016-01-01,2017-12-31 23:00:00,17544.0,0.5699954400364748,0.9943000455996353,0.9997150022799818,Rat,Public services,1712.4
Rat_public_Fern,17544,17351,2016-01-01,2017-12-31 23:00:00,17544.0,1.1000911992704032,0.988999088007296,0.9997150022799818,Rat,Public services,3274.0
Rat_public_Frank,17544,17419,2016-01-01,2017-12-31 23:00:00,17544.0,0.7124943000455963,0.992875056999544,0.9997150022799818,Rat,Public services,425.6
Rat_public_Frederick,17544,17461,2016-01-01,2017-12-31 23:00:00,17544.0,0.4730962152302731,0.9952690378476973,0.9997150022799818,Rat,Public services,1312.3
Rat_public_Fredrick,17544,16940,2016-01-01,2017-12-31 23:00:00,17544.0,3.4427724578203422,0.9655722754217966,0.9997150022799818,Rat,Public services,1202.6
Rat_public_Grover,17544,17492,2016-01-01,2017-12-31 23:00:00,17544.0,0.29639762881896736,0.9970360237118103,0.9997150022799818,Rat,Public services,1144.2
Rat_public_Helena,17544,17456,2016-01-01,2017-12-31 23:00:00,17544.0,0.5015959872321063,0.9949840401276789,0.9997150022799818,Rat,Public services,1184.9
Rat_public_Hortencia,17544,17468,2016-01-01,2017-12-31 23:00:00,17544.0,0.43319653442772665,0.9956680346557227,0.9997150022799818,Rat,Public services,13378.0
Rat_public_Isabel,17544,17492,2016-01-01,2017-12-31 23:00:00,17544.0,0.29639762881896736,0.9970360237118103,0.9997150022799818,Rat,Public services,1540.0
Rat_public_Jason,17544,17492,2016-01-01,2017-12-31 23:00:00,17544.0,0.29639762881896736,0.9970360237118103,0.9997150022799818,Rat,Public services,3021.9
Rat_public_Joann,17544,17516,2016-01-01,2017-12-31 23:00:00,17544.0,0.15959872321021917,0.9984040127678978,0.9997150022799818,Rat,Public services,597.5
Rat_public_Johnna,17544,15150,2016-01-01,2017-12-31 23:00:00,17544.0,13.645690834473323,0.8635430916552668,0.9997150022799818,Rat,Public services,1465.5
Rat_public_Johnny,17544,17492,2016-01-01,2017-12-31 23:00:00,17544.0,0.29639762881896736,0.9970360237118103,0.9997150022799818,Rat,Public services,709.4
Rat_public_Josiah,17544,17492,2016-01-01,2017-12-31 23:00:00,17544.0,0.29639762881896736,0.9970360237118103,0.9997150022799818,Rat,Public services,4274.2
Rat_public_Julieann,17544,17476,2016-01-01,2017-12-31 23:00:00,17544.0,0.3875968992248069,0.9961240310077519,0.9997150022799818,Rat,Public services,402.8
Rat_public_Kathleen,17544,17345,2016-01-01,2017-12-31 23:00:00,17544.0,1.1342909256725986,0.988657090743274,0.9997150022799818,Rat,Public services,1114.8
Rat_public_Kelle,17544,17333,2016-01-01,2017-12-31 23:00:00,17544.0,1.2026903784769671,0.9879730962152303,0.9997150022799818,Rat,Public services,1868.3
Rat_public_Kelly,17544,17445,2016-01-01,2017-12-31 23:00:00,17544.0,0.5642954856361126,0.9943570451436389,0.9997150022799818,Rat,Public services,982.6
Rat_public_Kermit,17544,17059,2016-01-01,2017-12-31 23:00:00,17544.0,2.76447788417693,0.9723552211582307,0.9997150022799818,Rat,Public services,2322.6
Rat_public_Kimber,17544,17540,2016-01-01,2017-12-31 23:00:00,17544.0,0.022799817601459882,0.9997720018239854,0.9997150022799818,Rat,Public services,9587.6
Rat_public_Laura,17544,17365,2016-01-01,2017-12-31 23:00:00,17544.0,1.0202918376652992,0.989797081623347,0.9997150022799818,Rat,Public services,1184.5
Rat_public_Laurie,17544,17421,2016-01-01,2017-12-31 23:00:00,17544.0,0.7010943912448719,0.9929890560875513,0.9997150022799818,Rat,Public services,12459.6
Rat_public_Laverne,17544,17494,2016-01-01,2017-12-31 23:00:00,17544.0,0.284997720018243,0.9971500227998176,0.9997150022799818,Rat,Public services,1108.7
Rat_public_Lea,17544,13219,2016-01-01,2017-12-31 23:00:00,17544.0,24.652302781577752,0.7534769721842225,0.9997150022799818,Rat,Public services,10293.7
Rat_public_Leo,17544,17503,2016-01-01,2017-12-31 23:00:00,17544.0,0.23369813041496101,0.9976630186958504,0.9997150022799818,Rat,Public services,1217.0
Rat_public_Leta,17544,17514,2016-01-01,2017-12-31 23:00:00,17544.0,0.17099863201094356,0.9982900136798906,0.9997150022799818,Rat,Public services,943.1
Rat_public_Lloyd,17544,17468,2016-01-01,2017-12-31 23:00:00,17544.0,0.43319653442772665,0.9956680346557227,0.9997150022799818,Rat,Public services,5022.4
Rat_public_Loretta,17544,17340,2016-01-01,2017-12-31 23:00:00,17544.0,1.1627906976744207,0.9883720930232558,0.9997150022799818,Rat,Public services,4087.0
Rat_public_Lynda,17544,17491,2016-01-01,2017-12-31 23:00:00,17544.0,0.30209758321932956,0.9969790241678067,0.9997150022799818,Rat,Public services,467.6
Rat_public_Mabel,17544,17420,2016-01-01,2017-12-31 23:00:00,17544.0,0.7067943456452341,0.9929320565435477,0.9997150022799818,Rat,Public services,4189.7
Rat_public_Marcellus,17544,17511,2016-01-01,2017-12-31 23:00:00,17544.0,0.18809849521204125,0.9981190150478796,0.9997150022799818,Rat,Public services,6336.3
Rat_public_Margart,17544,17492,2016-01-01,2017-12-31 23:00:00,17544.0,0.29639762881896736,0.9970360237118103,0.9997150022799818,Rat,Public services,2043.9
Rat_public_Mark,17544,17505,2016-01-01,2017-12-31 23:00:00,17544.0,0.22229822161422552,0.9977770177838577,0.9997150022799818,Rat,Public services,303.5
Rat_public_Maxine,17544,10192,2016-01-01,2017-12-31 23:00:00,17544.0,41.906064751481985,0.5809393524851801,0.9997150022799818,Rat,Public services,9519.4
Rat_public_Michael,17544,17444,2016-01-01,2017-12-31 23:00:00,17544.0,0.5699954400364748,0.9943000455996353,0.9997150022799818,Rat,Public services,2287.1
Rat_public_Michelle,17544,17484,2016-01-01,2017-12-31 23:00:00,17544.0,0.3419972640218871,0.9965800273597811,0.9997150022799818,Rat,Public services,3254.7
Rat_public_Muriel,17544,17427,2016-01-01,2017-12-31 23:00:00,17544.0,0.6668946648426766,0.9933310533515732,0.9997150022799818,Rat,Public services,3134.8
Rat_public_Nancy,17544,17460,2016-01-01,2017-12-31 23:00:00,17544.0,0.4787961696306464,0.9952120383036935,0.9997150022799818,Rat,Public services,829.2
Rat_public_Neil,17544,17501,2016-01-01,2017-12-31 23:00:00,17544.0,0.2450980392156854,0.9975490196078431,0.9997150022799818,Rat,Public services,1325.6
Rat_public_Nell,17544,17516,2016-01-01,2017-12-31 23:00:00,17544.0,0.15959872321021917,0.9984040127678978,0.9997150022799818,Rat,Public services,4754.4
Rat_public_Nelson,17544,17468,2016-01-01,2017-12-31 23:00:00,17544.0,0.43319653442772665,0.9956680346557227,0.9997150022799818,Rat,Public services,1486.4
Rat_public_Norene,17544,14973,2016-01-01,2017-12-31 23:00:00,17544.0,14.654582763337897,0.853454172366621,0.9997150022799818,Rat,Public services,1211.8
Rat_public_Percy,17544,5563,2016-01-01,2017-12-31 23:00:00,17544.0,68.29115367077063,0.3170884632922938,0.9997150022799818,Rat,Public services,3945.6
Rat_public_Ramon,17544,17489,2016-01-01,2017-12-31 23:00:00,17544.0,0.31349749202006505,0.9968650250797993,0.9997150022799818,Rat,Public services,2043.9
Rat_public_Ramona,17544,17490,2016-01-01,2017-12-31 23:00:00,17544.0,0.30779753761970285,0.996922024623803,0.9997150022799818,Rat,Public services,1348.9
Rat_public_Roberta,17544,17468,2016-01-01,2017-12-31 23:00:00,17544.0,0.43319653442772665,0.9956680346557227,0.9997150022799818,Rat,Public services,1010.1
Rat_public_Roma,17544,17490,2016-01-01,2017-12-31 23:00:00,17544.0,0.30779753761970285,0.996922024623803,0.9997150022799818,Rat,Public services,1994.8
Rat_public_Sade,17544,17443,2016-01-01,2017-12-31 23:00:00,17544.0,0.5756953944368481,0.9942430460556315,0.9997150022799818,Rat,Public services,2006.7
Rat_public_Sana,17544,15093,2016-01-01,2017-12-31 23:00:00,17544.0,13.970588235294112,0.8602941176470589,0.9997150022799818,Rat,Public services,37161.2
Rat_public_Sean,17544,17492,2016-01-01,2017-12-31 23:00:00,17544.0,0.29639762881896736,0.9970360237118103,0.9997150022799818,Rat,Public services,7297.5
Rat_public_Shanta,17544,17444,2016-01-01,2017-12-31 23:00:00,17544.0,0.5699954400364748,0.9943000455996353,0.9997150022799818,Rat,Public services,1161.8
Rat_public_Sharonda,17544,17514,2016-01-01,2017-12-31 23:00:00,17544.0,0.17099863201094356,0.9982900136798906,0.9997150022799818,Rat,Public services,2222.1
Rat_public_Sharron,17544,17499,2016-01-01,2017-12-31 23:00:00,17544.0,0.2564979480164209,0.9974350205198358,0.9997150022799818,Rat,Public services,2862.3
Rat_public_Stacey,17544,17492,2016-01-01,2017-12-31 23:00:00,17544.0,0.29639762881896736,0.9970360237118103,0.9997150022799818,Rat,Public services,8297.6
Rat_public_Stella,17544,17492,2016-01-01,2017-12-31 23:00:00,17544.0,0.29639762881896736,0.9970360237118103,0.9997150022799818,Rat,Public services,3396.7
Rat_public_Sue,17544,17490,2016-01-01,2017-12-31 23:00:00,17544.0,0.30779753761970285,0.996922024623803,0.9997150022799818,Rat,Public services,1765.2
Rat_public_Tammara,17544,17515,2016-01-01,2017-12-31 23:00:00,17544.0,0.16529867761058137,0.9983470132238942,0.9997150022799818,Rat,Public services,457.5
Rat_public_Tamra,17544,17468,2016-01-01,2017-12-31 23:00:00,17544.0,0.43319653442772665,0.9956680346557227,0.9997150022799818,Rat,Public services,872.5
Rat_public_Tommy,17544,17467,2016-01-01,2017-12-31 23:00:00,17544.0,0.43889648882808885,0.9956110351117191,0.9997150022799818,Rat,Public services,857.1
Rat_public_Toya,17544,17420,2016-01-01,2017-12-31 23:00:00,17544.0,0.7067943456452341,0.9929320565435477,0.9997150022799818,Rat,Public services,1557.8
Rat_public_Tricia,17544,17516,2016-01-01,2017-12-31 23:00:00,17544.0,0.15959872321021917,0.9984040127678978,0.9997150022799818,Rat,Public services,558.3
Rat_public_Ulysses,17544,0,2016-01-01,2017-12-31 23:00:00,17544.0,100.0,0.0,0.9997150022799818,Rat,Public services,1152.8
Rat_public_Vickie,17544,17487,2016-01-01,2017-12-31 23:00:00,17544.0,0.32489740082078944,0.9967510259917921,0.9997150022799818,Rat,Public services,836.1
Rat_public_Wilbur,17544,17464,2016-01-01,2017-12-31 23:00:00,17544.0,0.45599635202918654,0.9954400364797081,0.9997150022799818,Rat,Public services,537.3
Rat_public_Wilma,17544,17491,2016-01-01,2017-12-31 23:00:00,17544.0,0.30209758321932956,0.9969790241678067,0.9997150022799818,Rat,Public services,1505.0
Rat_public_Yessenia,17544,17492,2016-01-01,2017-12-31 23:00:00,17544.0,0.29639762881896736,0.9970360237118103,0.9997150022799818,Rat,Public services,2043.9
Rat_public_Yetta,17544,7887,2016-01-01,2017-12-31 23:00:00,17544.0,55.04445964432285,0.4495554035567715,0.9997150022799818,Rat,Public services,1980.5
Rat_religion_Kathy,17544,17487,2016-01-01,2017-12-31 23:00:00,17544.0,0.32489740082078944,0.9967510259917921,0.9997150022799818,Rat,Religious worship,929.0
Rat_retail_Jeffrey,17544,17517,2016-01-01,2017-12-31 23:00:00,17544.0,0.15389876880984588,0.9984610123119015,0.9997150022799818,Rat,Retail,1532.9
Rat_warehouse_Breanna,17544,17468,2016-01-01,2017-12-31 23:00:00,17544.0,0.43319653442772665,0.9956680346557227,0.9997150022799818,Rat,Warehouse/storage,4795.8
Rat_warehouse_Doretta,17544,17517,2016-01-01,2017-12-31 23:00:00,17544.0,0.15389876880984588,0.9984610123119015,0.9997150022799818,Rat,Warehouse/storage,10454.9
Rat_warehouse_Eloisa,17544,17516,2016-01-01,2017-12-31 23:00:00,17544.0,0.15959872321021917,0.9984040127678978,0.9997150022799818,Rat,Warehouse/storage,18843.4
Rat_warehouse_Maegan,17544,16690,2016-01-01,2017-12-31 23:00:00,17544.0,4.867761057911535,0.9513223894208847,0.9997150022799818,Rat,Warehouse/storage,1378.6
Rat_warehouse_Shari,17544,17444,2016-01-01,2017-12-31 23:00:00,17544.0,0.5699954400364748,0.9943000455996353,0.9997150022799818,Rat,Warehouse/storage,2537.9
Robin_assembly_Colleen,17544,17544,2016-01-01,2017-12-31 23:00:00,17544.0,0.0,1.0,0.9984040127678978,Robin,Entertainment/public assembly,5948.0
Robin_education_Audrea,17544,17544,2016-01-01,2017-12-31 23:00:00,17544.0,0.0,1.0,0.9984040127678978,Robin,Education,2584.0
Robin_education_Billi,17544,17544,2016-01-01,2017-12-31 23:00:00,17544.0,0.0,1.0,0.9984040127678978,Robin,Education,3560.0
Robin_education_Cecilia,17544,17544,2016-01-01,2017-12-31 23:00:00,17544.0,0.0,1.0,0.9984040127678978,Robin,Education,1439.0
Robin_education_Della,17544,17445,2016-01-01,2017-12-31 23:00:00,17544.0,0.5642954856361126,0.9943570451436389,0.9984040127678978,Robin,Education,499.3
Robin_education_Derick,17544,17544,2016-01-01,2017-12-31 23:00:00,17544.0,0.0,1.0,0.9984040127678978,Robin,Education,13965.0
Robin_education_Derrick,17544,17544,2016-01-01,2017-12-31 23:00:00,17544.0,0.0,1.0,0.9984040127678978,Robin,Education,10994.0
Robin_education_Jasper,17544,17544,2016-01-01,2017-12-31 23:00:00,17544.0,0.0,1.0,0.9984040127678978,Robin,Education,3462.0
Robin_education_Julius,17544,17544,2016-01-01,2017-12-31 23:00:00,17544.0,0.0,1.0,0.9984040127678978,Robin,Education,12850.0
Robin_education_Karyl,17544,17544,2016-01-01,2017-12-31 23:00:00,17544.0,0.0,1.0,0.9984040127678978,Robin,Education,2992.0
Robin_education_Kiera,17544,17544,2016-01-01,2017-12-31 23:00:00,17544.0,0.0,1.0,0.9984040127678978,Robin,Education,4703.0
Robin_education_Kristopher,17544,17544,2016-01-01,2017-12-31 23:00:00,17544.0,0.0,1.0,0.9984040127678978,Robin,Education,5686.0
Robin_education_Lashandra,17544,17544,2016-01-01,2017-12-31 23:00:00,17544.0,0.0,1.0,0.9984040127678978,Robin,Education,9061.0
Robin_education_Leslie,17544,17544,2016-01-01,2017-12-31 23:00:00,17544.0,0.0,1.0,0.9984040127678978,Robin,Education,12977.0
Robin_education_Lizbeth,17544,17544,2016-01-01,2017-12-31 23:00:00,17544.0,0.0,1.0,0.9984040127678978,Robin,Education,2001.0
Robin_education_Madeline,17544,17544,2016-01-01,2017-12-31 23:00:00,17544.0,0.0,1.0,0.9984040127678978,Robin,Education,9335.0
Robin_education_Margarito,17544,17544,2016-01-01,2017-12-31 23:00:00,17544.0,0.0,1.0,0.9984040127678978,Robin,Education,8468.0
Robin_education_Megan,17544,17544,2016-01-01,2017-12-31 23:00:00,17544.0,0.0,1.0,0.9984040127678978,Robin,Education,7579.0
Robin_education_Mercedes,17544,17544,2016-01-01,2017-12-31 23:00:00,17544.0,0.0,1.0,0.9984040127678978,Robin,Education,5295.0
Robin_education_So,17544,17544,2016-01-01,2017-12-31 23:00:00,17544.0,0.0,1.0,0.9984040127678978,Robin,Education,12051.0
Robin_education_Takako,17544,17544,2016-01-01,2017-12-31 23:00:00,17544.0,0.0,1.0,0.9984040127678978,Robin,Education,1561.0
Robin_education_Terrance,17544,17544,2016-01-01,2017-12-31 23:00:00,17544.0,0.0,1.0,0.9984040127678978,Robin,Education,7714.9
Robin_education_Zenia,17544,17544,2016-01-01,2017-12-31 23:00:00,17544.0,0.0,1.0,0.9984040127678978,Robin,Education,6337.0
Robin_lodging_Armand,17544,17544,2016-01-01,2017-12-31 23:00:00,17544.0,0.0,1.0,0.9984040127678978,Robin,Lodging/residential,5246.0
Robin_lodging_Celia,17544,17544,2016-01-01,2017-12-31 23:00:00,17544.0,0.0,1.0,0.9984040127678978,Robin,Lodging/residential,7721.0
Robin_lodging_Donna,17544,17544,2016-01-01,2017-12-31 23:00:00,17544.0,0.0,1.0,0.9984040127678978,Robin,Lodging/residential,2515.0
Robin_lodging_Dorthy,17544,17544,2016-01-01,2017-12-31 23:00:00,17544.0,0.0,1.0,0.9984040127678978,Robin,Lodging/residential,5842.9
Robin_lodging_Elmer,17544,17544,2016-01-01,2017-12-31 23:00:00,17544.0,0.0,1.0,0.9984040127678978,Robin,Lodging/residential,9565.0
Robin_lodging_Janie,17544,17544,2016-01-01,2017-12-31 23:00:00,17544.0,0.0,1.0,0.9984040127678978,Robin,Lodging/residential,6193.0
Robin_lodging_Oliva,17544,17544,2016-01-01,2017-12-31 23:00:00,17544.0,0.0,1.0,0.9984040127678978,Robin,Lodging/residential,6013.0
Robin_lodging_Phillip,17544,17478,2016-01-01,2017-12-31 23:00:00,17544.0,0.3761969904240714,0.9962380300957593,0.9984040127678978,Robin,Lodging/residential,6181.0
Robin_lodging_Pricilla,17544,17542,2016-01-01,2017-12-31 23:00:00,17544.0,0.01139990880072439,0.9998860009119928,0.9984040127678978,Robin,Lodging/residential,4607.0
Robin_lodging_Renea,17544,17544,2016-01-01,2017-12-31 23:00:00,17544.0,0.0,1.0,0.9984040127678978,Robin,Lodging/residential,9548.0
Robin_office_Addie,17544,17544,2016-01-01,2017-12-31 23:00:00,17544.0,0.0,1.0,0.9984040127678978,Robin,Office,1495.0
Robin_office_Adolph,17544,17544,2016-01-01,2017-12-31 23:00:00,17544.0,0.0,1.0,0.9984040127678978,Robin,Office,1321.0
Robin_office_Antonina,17544,17544,2016-01-01,2017-12-31 23:00:00,17544.0,0.0,1.0,0.9984040127678978,Robin,Office,6099.7
Robin_office_Dina,17544,17544,2016-01-01,2017-12-31 23:00:00,17544.0,0.0,1.0,0.9984040127678978,Robin,Office,4213.0
Robin_office_Donald,17544,17474,2016-01-01,2017-12-31 23:00:00,17544.0,0.3989968080255313,0.9960100319197447,0.9984040127678978,Robin,Office,7669.0
Robin_office_Erma,17544,7464,2016-01-01,2017-12-31 23:00:00,17544.0,57.45554035567715,0.4254445964432285,0.9984040127678978,Robin,Office,4434.0
Robin_office_Gayle,17544,17544,2016-01-01,2017-12-31 23:00:00,17544.0,0.0,1.0,0.9984040127678978,Robin,Office,4161.0
Robin_office_Lindsay,17544,17544,2016-01-01,2017-12-31 23:00:00,17544.0,0.0,1.0,0.9984040127678978,Robin,Office,5358.0
Robin_office_Maryann,17544,17544,2016-01-01,2017-12-31 23:00:00,17544.0,0.0,1.0,0.9984040127678978,Robin,Office,3201.0
Robin_office_Sammie,17544,17544,2016-01-01,2017-12-31 23:00:00,17544.0,0.0,1.0,0.9984040127678978,Robin,Office,4802.0
Robin_office_Saul,17544,17540,2016-01-01,2017-12-31 23:00:00,17544.0,0.022799817601459882,0.9997720018239854,0.9984040127678978,Robin,Office,2937.0
Robin_office_Serena,17544,17544,2016-01-01,2017-12-31 23:00:00,17544.0,0.0,1.0,0.9984040127678978,Robin,Office,2833.1
Robin_office_Shirlene,17544,17544,2016-01-01,2017-12-31 23:00:00,17544.0,0.0,1.0,0.9984040127678978,Robin,Office,4647.0
Robin_office_Soledad,17544,17539,2016-01-01,2017-12-31 23:00:00,17544.0,0.028499772001822077,0.9997150022799818,0.9984040127678978,Robin,Office,957.0
Robin_office_Victor,17544,17544,2016-01-01,2017-12-31 23:00:00,17544.0,0.0,1.0,0.9984040127678978,Robin,Office,3724.0
Robin_office_Wai,17544,17500,2016-01-01,2017-12-31 23:00:00,17544.0,0.2507979936160476,0.9974920200638395,0.9984040127678978,Robin,Office,16221.0
Robin_office_Zelma,17544,17544,2016-01-01,2017-12-31 23:00:00,17544.0,0.0,1.0,0.9984040127678978,Robin,Office,7607.0
Robin_public_Cami,17544,17544,2016-01-01,2017-12-31 23:00:00,17544.0,0.0,1.0,0.9984040127678978,Robin,Public services,5261.0
Robin_public_Carolina,17544,17544,2016-01-01,2017-12-31 23:00:00,17544.0,0.0,1.0,0.9984040127678978,Robin,Public services,10984.0
Shrew_office_Doris,17544,9384,2016-01-01,2017-12-31 23:00:00,17544.0,46.51162790697675,0.5348837209302325,0.9984040127678978,Shrew,Office,22568.9
Shrew_office_Doug,17544,9351,2016-01-01,2017-12-31 23:00:00,17544.0,46.69972640218878,0.5330027359781122,0.9984040127678978,Shrew,Office,5630.0
Shrew_office_Ila,17544,9384,2016-01-01,2017-12-31 23:00:00,17544.0,46.51162790697675,0.5348837209302325,0.9984040127678978,Shrew,Office,10905.0
Shrew_office_Katherine,17544,9360,2016-01-01,2017-12-31 23:00:00,17544.0,46.6484268125855,0.533515731874145,0.9984040127678978,Shrew,Office,3410.0
Shrew_office_Kenneth,17544,9360,2016-01-01,2017-12-31 23:00:00,17544.0,46.6484268125855,0.533515731874145,0.9984040127678978,Shrew,Office,1719.0
Shrew_office_Lin,17544,9382,2016-01-01,2017-12-31 23:00:00,17544.0,46.523027815777475,0.5347697218422253,0.9984040127678978,Shrew,Office,13995.0
Shrew_office_Nora,17544,9384,2016-01-01,2017-12-31 23:00:00,17544.0,46.51162790697675,0.5348837209302325,0.9984040127678978,Shrew,Office,10203.0
Shrew_office_Rose,17544,10867,2016-01-01,2017-12-31 23:00:00,17544.0,38.05859553123575,0.6194140446876425,0.9984040127678978,Shrew,Office,1058.0
Shrew_office_Sherill,17544,9384,2016-01-01,2017-12-31 23:00:00,17544.0,46.51162790697675,0.5348837209302325,0.9984040127678978,Shrew,Office,18098.0
Swan_unknown_Allison,17544,8527,2016-01-01,2017-12-31 23:00:00,17544.0,51.39648882808938,0.4860351117191062,0.9994870041039672,Swan,,1699.8
Swan_unknown_Andres,17544,8645,2016-01-01,2017-12-31 23:00:00,17544.0,50.72389420884633,0.4927610579115367,0.9994870041039672,Swan,,11538.7
Swan_unknown_Bette,17544,8535,2016-01-01,2017-12-31 23:00:00,17544.0,51.35088919288646,0.4864911080711354,0.9994870041039672,Swan,,5777.3
Swan_unknown_Christoper,17544,8529,2016-01-01,2017-12-31 23:00:00,17544.0,51.38508891928865,0.48614911080711354,0.9994870041039672,Swan,,8636.6
Swan_unknown_Douglas,17544,7833,2016-01-01,2017-12-31 23:00:00,17544.0,55.35225718194254,0.44647742818057456,0.9994870041039672,Swan,,7736.2
Swan_unknown_Esteban,17544,8312,2016-01-01,2017-12-31 23:00:00,17544.0,52.62197902416781,0.4737802097583219,0.9994870041039672,Swan,,6976.4
Swan_unknown_Fabian,17544,8529,2016-01-01,2017-12-31 23:00:00,17544.0,51.38508891928865,0.48614911080711354,0.9994870041039672,Swan,,4233.6
Swan_unknown_Ike,17544,8534,2016-01-01,2017-12-31 23:00:00,17544.0,51.356589147286826,0.48643410852713176,0.9994870041039672,Swan,,6928.1
Swan_unknown_Isaiah,17544,8532,2016-01-01,2017-12-31 23:00:00,17544.0,51.36798905608755,0.4863201094391245,0.9994870041039672,Swan,,14806.3
Swan_unknown_Jan,17544,8532,2016-01-01,2017-12-31 23:00:00,17544.0,51.36798905608755,0.4863201094391245,0.9994870041039672,Swan,,14952.0
Swan_unknown_Jerold,17544,7815,2016-01-01,2017-12-31 23:00:00,17544.0,55.454856361149105,0.4454514363885089,0.9994870041039672,Swan,,7746.6
Swan_unknown_Noelia,17544,8526,2016-01-01,2017-12-31 23:00:00,17544.0,51.402188782489745,0.48597811217510256,0.9994870041039672,Swan,,943.9
Swan_unknown_Raquel,17544,8531,2016-01-01,2017-12-31 23:00:00,17544.0,51.37368901048791,0.4862631098951209,0.9994870041039672,Swan,,11381.5
Swan_unknown_Reyna,17544,8530,2016-01-01,2017-12-31 23:00:00,17544.0,51.37938896488827,0.48620611035111727,0.9994870041039672,Swan,,6154.5
Swan_unknown_Rocco,17544,7837,2016-01-01,2017-12-31 23:00:00,17544.0,55.32945736434108,0.44670542635658916,0.9994870041039672,Swan,,4779.2
Swan_unknown_Rudy,17544,7832,2016-01-01,2017-12-31 23:00:00,17544.0,55.357957136342904,0.44642042863657094,0.9994870041039672,Swan,,6394.6
Swan_unknown_Tom,17544,8531,2016-01-01,2017-12-31 23:00:00,17544.0,51.37368901048791,0.4862631098951209,0.9994870041039672,Swan,,4645.0
Swan_unknown_Valeria,17544,8538,2016-01-01,2017-12-31 23:00:00,17544.0,51.33378932968537,0.48666210670314636,0.9994870041039672,Swan,,1238.3
Swan_unknown_Wendy,17544,8533,2016-01-01,2017-12-31 23:00:00,17544.0,51.36228910168719,0.48637710898312814,0.9994870041039672,Swan,,7149.1
Wolf_assembly_Elaine,17544,17149,2016-01-01,2017-12-31 23:00:00,17544.0,2.2514819881440995,0.977485180118559,0.9977770177838577,Wolf,Entertainment/public assembly,6671.0
Wolf_assembly_Sallie,17544,17451,2016-01-01,2017-12-31 23:00:00,17544.0,0.5300957592339284,0.9946990424076607,0.9977770177838577,Wolf,Entertainment/public assembly,10794.0
Wolf_education_Anisa,17544,17086,2016-01-01,2017-12-31 23:00:00,17544.0,2.610579115367073,0.9738942088463293,0.9977770177838577,Wolf,Education,11008.0
Wolf_education_Arnulfo,17544,17164,2016-01-01,2017-12-31 23:00:00,17544.0,2.165982672138622,0.9783401732786138,0.9977770177838577,Wolf,Education,5184.0
Wolf_education_Bobby,17544,17240,2016-01-01,2017-12-31 23:00:00,17544.0,1.7327861377108955,0.982672138622891,0.9977770177838577,Wolf,Education,10494.0
Wolf_education_Cheryl,17544,17543,2016-01-01,2017-12-31 23:00:00,17544.0,0.005699954400362195,0.9999430004559964,0.9977770177838577,Wolf,Education,25605.0
Wolf_education_Clarissa,17544,17541,2016-01-01,2017-12-31 23:00:00,17544.0,0.017099863201097687,0.999829001367989,0.9977770177838577,Wolf,Education,6778.0
Wolf_education_Cody,17544,17526,2016-01-01,2017-12-31 23:00:00,17544.0,0.10259917920656392,0.9989740082079344,0.9977770177838577,Wolf,Education,2639.0
Wolf_education_Dolores,17544,17533,2016-01-01,2017-12-31 23:00:00,17544.0,0.06269949840401745,0.9993730050159598,0.9977770177838577,Wolf,Education,6117.0
Wolf_education_Dorris,17544,17542,2016-01-01,2017-12-31 23:00:00,17544.0,0.01139990880072439,0.9998860009119928,0.9977770177838577,Wolf,Education,11678.0
Wolf_education_Eulalia,17544,17540,2016-01-01,2017-12-31 23:00:00,17544.0,0.022799817601459882,0.9997720018239854,0.9977770177838577,Wolf,Education,8056.0
Wolf_education_Joaquin,17544,17541,2016-01-01,2017-12-31 23:00:00,17544.0,0.017099863201097687,0.999829001367989,0.9977770177838577,Wolf,Education,2450.0
Wolf_education_Josefa,17544,17539,2016-01-01,2017-12-31 23:00:00,17544.0,0.028499772001822077,0.9997150022799818,0.9977770177838577,Wolf,Education,750.0
Wolf_education_Katie,17544,17542,2016-01-01,2017-12-31 23:00:00,17544.0,0.01139990880072439,0.9998860009119928,0.9977770177838577,Wolf,Education,2803.0
Wolf_education_Laurinda,17544,17543,2016-01-01,2017-12-31 23:00:00,17544.0,0.005699954400362195,0.9999430004559964,0.9977770177838577,Wolf,Education,18706.0
Wolf_education_Loren,17544,17541,2016-01-01,2017-12-31 23:00:00,17544.0,0.017099863201097687,0.999829001367989,0.9977770177838577,Wolf,Education,12190.0
Wolf_education_Miguel,17544,17535,2016-01-01,2017-12-31 23:00:00,17544.0,0.05129958960328196,0.9994870041039672,0.9977770177838577,Wolf,Education,5403.0
Wolf_education_Roderick,17544,17537,2016-01-01,2017-12-31 23:00:00,17544.0,0.03989968080255757,0.9996010031919744,0.9977770177838577,Wolf,Education,818.0
Wolf_education_Tammie,17544,17541,2016-01-01,2017-12-31 23:00:00,17544.0,0.017099863201097687,0.999829001367989,0.9977770177838577,Wolf,Education,7836.0
Wolf_education_Tori,17544,17541,2016-01-01,2017-12-31 23:00:00,17544.0,0.017099863201097687,0.999829001367989,0.9977770177838577,Wolf,Education,19044.9
Wolf_education_Ursula,17544,17542,2016-01-01,2017-12-31 23:00:00,17544.0,0.01139990880072439,0.9998860009119928,0.9977770177838577,Wolf,Education,13998.0
Wolf_education_Vivian,17544,17541,2016-01-01,2017-12-31 23:00:00,17544.0,0.017099863201097687,0.999829001367989,0.9977770177838577,Wolf,Education,8770.0
Wolf_office_Bobbie,17544,17541,2016-01-01,2017-12-31 23:00:00,17544.0,0.017099863201097687,0.999829001367989,0.9977770177838577,Wolf,Office,4691.0
Wolf_office_Cary,17544,17526,2016-01-01,2017-12-31 23:00:00,17544.0,0.10259917920656392,0.9989740082079344,0.9977770177838577,Wolf,Office,11795.0
Wolf_office_Darleen,17544,17543,2016-01-01,2017-12-31 23:00:00,17544.0,0.005699954400362195,0.9999430004559964,0.9977770177838577,Wolf,Office,5036.0
Wolf_office_Elisabeth,17544,17542,2016-01-01,2017-12-31 23:00:00,17544.0,0.01139990880072439,0.9998860009119928,0.9977770177838577,Wolf,Office,2591.0
Wolf_office_Emanuel,17544,17541,2016-01-01,2017-12-31 23:00:00,17544.0,0.017099863201097687,0.999829001367989,0.9977770177838577,Wolf,Office,2005.0
Wolf_office_Haydee,17544,17542,2016-01-01,2017-12-31 23:00:00,17544.0,0.01139990880072439,0.9998860009119928,0.9977770177838577,Wolf,Office,1129.0
Wolf_office_Joana,17544,17539,2016-01-01,2017-12-31 23:00:00,17544.0,0.028499772001822077,0.9997150022799818,0.9977770177838577,Wolf,Office,1355.0
Wolf_office_Nadia,17544,17541,2016-01-01,2017-12-31 23:00:00,17544.0,0.017099863201097687,0.999829001367989,0.9977770177838577,Wolf,Office,2745.0
Wolf_office_Rochelle,17544,17526,2016-01-01,2017-12-31 23:00:00,17544.0,0.10259917920656392,0.9989740082079344,0.9977770177838577,Wolf,Office,3115.0
Wolf_public_Norma,17544,17543,2016-01-01,2017-12-31 23:00:00,17544.0,0.005699954400362195,0.9999430004559964,0.9977770177838577,Wolf,Public services,23500.0
Wolf_retail_Harriett,17544,17060,2016-01-01,2017-12-31 23:00:00,17544.0,2.758777929776557,0.9724122207022344,0.9977770177838577,Wolf,Retail,4108.0
Wolf_retail_Marcella,17544,17543,2016-01-01,2017-12-31 23:00:00,17544.0,0.005699954400362195,0.9999430004559964,0.9977770177838577,Wolf,Retail,363.0
Wolf_retail_Toshia,17544,17543,2016-01-01,2017-12-31 23:00:00,17544.0,0.005699954400362195,0.9999430004559964,0.9977770177838577,Wolf,Retail,4209.0
Wolf_science_Alfreda,17544,17537,2016-01-01,2017-12-31 23:00:00,17544.0,0.03989968080255757,0.9996010031919744,0.9977770177838577,Wolf,Technology/science,914.0
